Data,Fechamento,Maxima,Minima
31/03/2023,16.5000,17.7300,16.5000
30/03/2023,17.6400,18.1000,17.3700
29/03/2023,17.0000,17.8000,16.6400
28/03/2023,17.8700,17.9400,16.9600
27/03/2023,17.2800,17.3300,16.8400
24/03/2023,16.9900,17.3000,16.7800
23/03/2023,16.8200,17.4200,16.2500
22/03/2023,17.2700,17.9100,17.1200
21/03/2023,17.6000,17.7300,17.3500
20/03/2023,17.4600,18.2100,17.2300
17/03/2023,18.0700,18.5700,17.9300
16/03/2023,18.7000,19.0400,18.2800
15/03/2023,18.5400,18.7500,17.8000
14/03/2023,18.4700,19.3200,18.3300
13/03/2023,19.2200,19.7400,18.4900
10/03/2023,18.9300,19.1500,18.4700
09/03/2023,19.3300,20.2300,19.1500
08/03/2023,19.6000,19.7900,18.1200
07/03/2023,18.2400,18.5100,17.9700
06/03/2023,18.1400,18.5600,17.4500
03/03/2023,17.7500,18.2700,17.7400
02/03/2023,18.1000,18.4800,17.7500
01/03/2023,17.9000,18.8000,17.6300
28/02/2023,18.6500,19.4200,18.6500
27/02/2023,19.2000,19.5400,18.9800
24/02/2023,19.0100,19.4100,18.8500
23/02/2023,19.1800,19.3700,18.6100
22/02/2023,18.6900,19.4000,18.5200
17/02/2023,19.6200,19.8300,18.4300
16/02/2023,19.3800,19.5800,18.6500
15/02/2023,19.2300,19.7500,18.5500
14/02/2023,18.7200,19.5600,18.5400
13/02/2023,19.3400,19.6400,18.9700
10/02/2023,19.2800,19.6200,19.0200
09/02/2023,19.2500,20.3100,19.1300
08/02/2023,20.1000,20.4000,19.5500
07/02/2023,19.7700,20.3500,19.6600
06/02/2023,20.2000,20.5100,19.7700
03/02/2023,20.2600,21.3200,20.0800
02/02/2023,21.7800,22.4300,21.4300
01/02/2023,21.6600,22.2300,21.1300
31/01/2023,21.6300,21.8300,21.2500
30/01/2023,21.1900,21.7000,21.0400
27/01/2023,21.2600,22.0000,21.2100
26/01/2023,21.8300,21.9800,21.5400
25/01/2023,21.7300,21.8800,20.8000
24/01/2023,21.2900,21.3900,20.4400
23/01/2023,20.3900,21.0400,20.3900
20/01/2023,20.5500,21.2800,20.4500
19/01/2023,20.8000,21.0100,20.1400
18/01/2023,20.6500,21.3000,20.2900
17/01/2023,19.9400,20.1000,19.6600
16/01/2023,19.7300,20.9100,19.4300
13/01/2023,20.1400,21.7600,19.9700
12/01/2023,21.2400,21.9600,20.0100
11/01/2023,20.8200,20.9000,20.1000
10/01/2023,20.0200,20.2100,19.1000
09/01/2023,19.4400,19.8400,18.7800
06/01/2023,19.3900,19.5800,18.7800
05/01/2023,18.7000,19.4100,18.3800
04/01/2023,18.9900,19.3900,18.7800
03/01/2023,18.8700,19.6400,18.6800
02/01/2023,19.3300,20.3300,19.0600
29/12/2022,20.4800,21.1000,20.1300
28/12/2022,20.8400,21.1800,20.3600
27/12/2022,20.3800,20.9600,19.9000
26/12/2022,20.7100,21.9900,20.7000
23/12/2022,21.8800,22.1100,20.5700
22/12/2022,20.6500,21.1500,20.4800
21/12/2022,20.8700,21.6100,20.6100
20/12/2022,21.2400,22.0300,20.0300
19/12/2022,20.3800,20.6000,19.5200
16/12/2022,19.4400,20.1800,19.2100
15/12/2022,19.9400,21.0300,19.7100
14/12/2022,20.4500,20.7600,19.1400
13/12/2022,19.9200,20.9200,19.8400
12/12/2022,20.4700,21.1000,19.9900
09/12/2022,20.7400,21.3300,20.6400
08/12/2022,21.1300,22.2800,21.0200
07/12/2022,22.0400,22.3000,21.4300
06/12/2022,21.6100,21.6700,20.9500
05/12/2022,20.5700,22.0200,20.5700
02/12/2022,22.3100,22.9100,21.8000
01/12/2022,22.4200,22.8400,22.0900
30/11/2022,23.1500,23.2900,22.4700
29/11/2022,22.9600,23.6200,22.4200
28/11/2022,22.9100,24.1500,22.9100
25/11/2022,23.9700,25.4000,23.8400
24/11/2022,25.5700,25.7500,24.4800
23/11/2022,24.2200,24.6400,23.9800
22/11/2022,24.7000,25.2900,24.4000
21/11/2022,25.1100,25.3500,24.2000
18/11/2022,24.2400,25.2300,24.0400
17/11/2022,24.2500,24.3200,23.0200
16/11/2022,24.1000,25.1500,23.6200
14/11/2022,25.1900,25.5000,24.6700
11/11/2022,24.5200,25.3900,24.2100
10/11/2022,25.1300,26.8400,24.7300
09/11/2022,27.4300,28.3000,27.1900
08/11/2022,27.8200,28.6000,27.5300
07/11/2022,28.2700,29.2900,27.6300
04/11/2022,29.1800,30.0000,28.5800
03/11/2022,30.4700,30.7900,29.7600
01/11/2022,30.4700,31.2800,29.9700
31/10/2022,30.9000,31.1900,28.8000
28/10/2022,28.8800,29.2500,27.9200
27/10/2022,28.3000,28.6600,27.2700
26/10/2022,27.3100,28.0800,27.0700
25/10/2022,28.0400,29.0400,27.9000
24/10/2022,28.5900,28.9900,28.0300
21/10/2022,29.0600,29.5000,28.1400
20/10/2022,28.6900,29.6900,28.3400
19/10/2022,29.3500,29.6000,29.0000
18/10/2022,29.4700,29.9000,29.1200
17/10/2022,29.0900,29.6200,28.8100
14/10/2022,28.5400,29.5400,28.3300
13/10/2022,29.1800,29.8200,29.1800
11/10/2022,29.9500,30.8900,29.6000
10/10/2022,30.7300,31.1000,30.3800
07/10/2022,30.8800,31.3700,30.6500
06/10/2022,31.2700,31.8000,30.5700
05/10/2022,30.5800,30.8000,29.5700
04/10/2022,29.9800,30.8000,29.3100
03/10/2022,30.1200,30.2800,28.5000
30/09/2022,27.8500,28.2400,26.5100
29/09/2022,26.9400,27.3100,26.5400
28/09/2022,27.6300,28.2400,27.1500
27/09/2022,27.9600,28.6100,27.7500
26/09/2022,27.8600,28.5500,27.6500
23/09/2022,28.5700,28.5800,27.7300
22/09/2022,28.4500,28.5800,27.5500
21/09/2022,27.6200,28.1000,26.5200
20/09/2022,26.8200,26.9400,26.3100
19/09/2022,26.7200,26.9900,26.2300
16/09/2022,26.3800,26.7300,25.5300
15/09/2022,26.8000,27.7200,26.7500
14/09/2022,27.3800,27.6700,26.7700
13/09/2022,27.2200,27.3600,26.5700
12/09/2022,27.5200,28.1300,27.1200
09/09/2022,26.8500,27.0900,26.3900
08/09/2022,26.0200,26.6200,25.6000
06/09/2022,26.0300,26.6500,25.6800
05/09/2022,26.9700,27.1400,26.5700
02/09/2022,26.7000,27.1600,26.2700
01/09/2022,26.5700,26.7100,25.7100
31/08/2022,26.4700,27.9200,26.2900
30/08/2022,27.3900,27.7300,26.9900
29/08/2022,27.5300,27.9900,27.1500
26/08/2022,27.8000,27.9900,27.4200
25/08/2022,27.6000,27.9200,27.2700
24/08/2022,27.2300,27.8700,26.9200
23/08/2022,27.0000,27.3300,26.3400
22/08/2022,26.5700,27.0900,26.3000
19/08/2022,27.1300,27.5000,26.8000
18/08/2022,27.6500,27.8300,27.2600
17/08/2022,27.6500,28.1500,27.4200
16/08/2022,28.0600,28.6500,27.5700
15/08/2022,28.6300,28.8000,27.2300
12/08/2022,27.6900,28.0500,27.4000
11/08/2022,27.2400,28.5400,26.8100
10/08/2022,27.9700,28.2900,27.4700
09/08/2022,26.8600,28.0400,26.3800
08/08/2022,27.5000,28.0300,27.1100
05/08/2022,27.4700,29.3000,26.6900
04/08/2022,28.2500,28.9600,27.8800
03/08/2022,27.2600,27.3200,25.5900
02/08/2022,25.5700,25.6800,25.1200
01/08/2022,25.3400,25.8300,25.1200
29/07/2022,25.2900,26.0800,25.0100
28/07/2022,25.9700,26.1700,24.9200
27/07/2022,25.2200,25.3200,24.1300
26/07/2022,24.0400,24.7200,23.8200
25/07/2022,24.7000,24.9900,24.5700
22/07/2022,24.4200,25.1800,23.9100
21/07/2022,24.8200,25.1500,24.6100
20/07/2022,25.1200,25.2500,24.5000
19/07/2022,24.7400,25.5900,24.3300
18/07/2022,25.0400,26.0300,24.8400
15/07/2022,25.0700,25.4000,24.5200
14/07/2022,24.7400,24.8800,24.2400
13/07/2022,24.6000,25.2000,23.9600
12/07/2022,24.1800,24.6900,23.9500
11/07/2022,24.0700,24.5600,23.9200
08/07/2022,24.7800,25.3900,24.4500
07/07/2022,24.7500,25.0200,24.0100
06/07/2022,23.8600,24.0300,23.0100
05/07/2022,23.0900,23.2400,22.4500
04/07/2022,23.0300,23.5700,22.8200
01/07/2022,23.1000,23.4400,22.2000
30/06/2022,22.6200,22.7900,21.7700
29/06/2022,22.3000,22.8100,22.0700
28/06/2022,22.7200,23.3900,22.3100
27/06/2022,23.1900,23.8800,23.1200
24/06/2022,23.1500,24.1000,22.8700
23/06/2022,23.8500,24.3800,23.4800
22/06/2022,23.4700,23.8800,22.6600
21/06/2022,23.1100,24.1300,22.9000
20/06/2022,23.8700,24.6100,23.2400
17/06/2022,23.7400,23.8200,22.7600
15/06/2022,23.9000,24.5000,23.3500
14/06/2022,22.9300,23.7300,22.7800
13/06/2022,23.1500,23.6500,22.9500
10/06/2022,24.0800,25.2800,23.9600
09/06/2022,25.2200,26.3900,24.9300
08/06/2022,26.3500,26.6800,26.0000
07/06/2022,26.6800,26.8300,26.0700
06/06/2022,26.9800,28.4200,26.9400
03/06/2022,28.1900,28.5000,27.3300
02/06/2022,28.0300,28.3900,27.1700
01/06/2022,26.9400,27.1100,26.3300
31/05/2022,26.6000,26.8200,25.7400
30/05/2022,25.8700,26.5300,25.7300
27/05/2022,26.0900,26.5900,25.9300
26/05/2022,26.2400,26.8600,25.4800
25/05/2022,25.5600,25.7000,24.5700
24/05/2022,25.1700,25.3400,24.3800
23/05/2022,25.3900,26.0000,25.3800
20/05/2022,25.6500,26.1900,25.4800
19/05/2022,25.6700,25.8700,25.2400
18/05/2022,25.5000,25.9600,25.1700
17/05/2022,26.0300,27.0400,25.8400
16/05/2022,25.9000,26.1500,25.3100
13/05/2022,25.4700,25.9400,25.3000
12/05/2022,25.2800,25.7200,24.2400
11/05/2022,24.5300,24.8900,24.1600
10/05/2022,24.7400,25.2400,24.0700
09/05/2022,23.8900,24.5400,23.4200
06/05/2022,24.2400,24.9600,22.9700
05/05/2022,22.8700,24.0800,22.5500
04/05/2022,24.2600,24.4400,22.5400
03/05/2022,23.5200,24.1900,23.3200
02/05/2022,23.9000,23.9700,23.2000
29/04/2022,23.7500,25.0500,23.6700
28/04/2022,24.3900,24.7400,24.0700
27/04/2022,24.5300,25.3200,24.1600
26/04/2022,24.4600,25.7500,24.2700
25/04/2022,25.0000,25.1600,24.3200
22/04/2022,25.0200,25.6100,24.7000
20/04/2022,25.9800,26.2700,25.2000
19/04/2022,26.2500,26.4400,25.8900
18/04/2022,26.4300,27.0000,26.1900
14/04/2022,26.7400,27.0800,26.4200
13/04/2022,26.6700,26.7100,26.0100
12/04/2022,26.2000,27.5400,26.0700
11/04/2022,26.7500,27.0200,26.0100
08/04/2022,26.7300,27.3700,26.1600
07/04/2022,26.8200,27.2300,26.3000
06/04/2022,27.0500,27.8400,26.6000
05/04/2022,27.9600,29.8300,27.5500
04/04/2022,29.3900,29.6100,28.3000
01/04/2022,29.0600,29.3000,27.8800
31/03/2022,27.5000,27.9100,27.1100
30/03/2022,27.3400,27.9700,26.9300
29/03/2022,27.4900,28.0800,27.1800
28/03/2022,26.9200,27.8300,26.5400
25/03/2022,27.5800,28.5200,27.3200
24/03/2022,27.6500,27.9500,25.8100
23/03/2022,26.1500,26.2600,24.3400
22/03/2022,24.9000,25.3000,24.3200
21/03/2022,24.0400,24.1900,22.9600
18/03/2022,24.1500,24.3000,21.1300
17/03/2022,22.9000,23.1100,22.2700
16/03/2022,22.8000,23.0000,22.3400
15/03/2022,22.3800,22.7100,21.9200
14/03/2022,22.3000,23.2000,22.1600
11/03/2022,22.8500,24.1800,22.6400
10/03/2022,23.7400,24.4500,23.1200
09/03/2022,24.4600,25.0700,23.2700
08/03/2022,23.3800,23.9700,21.4400
07/03/2022,21.9800,23.9500,21.9800
04/03/2022,24.1300,24.8800,23.8600
03/03/2022,24.7600,25.6200,24.6000
02/03/2022,25.2400,26.0600,24.4400
25/02/2022,25.3200,25.6900,24.7600
24/02/2022,25.5100,25.9700,24.3600
23/02/2022,25.7000,27.0700,25.5300
22/02/2022,25.9300,26.9200,25.8100
21/02/2022,26.3700,27.4600,25.9200
18/02/2022,27.6000,27.7200,26.9600
17/02/2022,27.2300,28.0300,27.2100
16/02/2022,27.5100,27.6700,26.7700
15/02/2022,27.1100,27.2400,26.1600
14/02/2022,25.9100,26.2700,25.5100
11/02/2022,25.3500,26.3300,24.8600
10/02/2022,25.5800,26.1600,25.3600
09/02/2022,25.9100,26.4300,25.5700
08/02/2022,25.5800,25.7700,24.7200
07/02/2022,25.6900,26.5200,25.3600
04/02/2022,26.2000,26.6200,25.4000
03/02/2022,26.6700,27.2500,26.1900
02/02/2022,26.5900,27.4900,26.0800
01/02/2022,26.9800,28.6100,26.7200
31/01/2022,28.1200,28.4700,27.8200
28/01/2022,28.1500,28.3600,27.3900
27/01/2022,27.9300,28.8900,27.6000
26/01/2022,27.7500,28.8700,27.2800
25/01/2022,27.0100,27.2900,25.5700
24/01/2022,25.8800,26.3800,25.5400
21/01/2022,26.4400,26.9900,25.5400
20/01/2022,26.1400,26.6200,25.1600
19/01/2022,24.8500,25.1400,23.6700
18/01/2022,23.5000,23.7500,23.0500
17/01/2022,23.4900,24.2300,23.4400
14/01/2022,23.9700,24.7700,23.7200
13/01/2022,24.7600,25.0000,24.1500
12/01/2022,24.6500,24.8900,23.3000
11/01/2022,23.2600,23.5200,22.3500
10/01/2022,22.7400,23.1100,22.3600
07/01/2022,22.9900,23.3900,22.2700
06/01/2022,22.8000,22.9400,21.4400
05/01/2022,21.6900,22.9800,21.6500
04/01/2022,22.8000,23.5500,22.4400
03/01/2022,23.0800,24.6500,23.0800
30/12/2021,24.4400,24.7600,23.9100
29/12/2021,23.9000,24.5100,23.9000
28/12/2021,24.4600,24.8500,24.1700
27/12/2021,24.3700,24.8600,24.1100
23/12/2021,24.1700,24.8900,23.8800
22/12/2021,24.6000,24.7400,23.8500
21/12/2021,24.6900,25.6700,24.5500
20/12/2021,25.2600,26.1500,25.1300
17/12/2021,26.2400,26.7100,25.4100
16/12/2021,26.2000,27.2700,25.9300
15/12/2021,26.9900,27.1300,25.9700
14/12/2021,26.4500,28.2700,26.2900
13/12/2021,27.8100,28.7600,27.8100
10/12/2021,28.4000,29.0400,28.1400
09/12/2021,28.2500,29.5800,27.8600
08/12/2021,29.6000,29.9400,28.7600
07/12/2021,29.4600,30.3200,28.9600
06/12/2021,29.7900,30.0000,28.9800
03/12/2021,29.2500,30.3800,28.6400
02/12/2021,28.6100,29.0900,28.1600
01/12/2021,28.2900,29.6600,27.9700
30/11/2021,28.4500,29.3100,27.8000
29/11/2021,28.9400,30.0700,28.7000
26/11/2021,29.3600,30.0000,28.6000
25/11/2021,30.7700,31.4800,30.4200
24/11/2021,30.6100,31.4600,29.9900
23/11/2021,31.1500,31.7100,30.1600
22/11/2021,31.1800,32.6600,30.9600
19/11/2021,32.3200,33.4100,31.8300
18/11/2021,31.8500,31.8700,30.8500
17/11/2021,30.9800,31.8800,30.1000
16/11/2021,31.2100,32.7300,30.8500
12/11/2021,32.2300,33.8000,31.9400
11/11/2021,33.9300,34.7600,32.8700
10/11/2021,32.7600,33.8300,32.0300
09/11/2021,32.3200,33.0000,31.1000
08/11/2021,31.0000,31.6600,30.6200
05/11/2021,31.6000,32.8000,31.3100
04/11/2021,34.1000,35.3100,33.7300
03/11/2021,34.8600,35.4900,32.9700
01/11/2021,33.2000,33.4700,32.2500
29/10/2021,32.2300,32.9200,31.8700
28/10/2021,32.3500,32.9600,31.7400
27/10/2021,32.3700,33.1900,31.5200
26/10/2021,31.4900,32.7400,31.2600
25/10/2021,32.8500,33.4000,31.8700
22/10/2021,32.0500,33.1100,30.4000
21/10/2021,33.3900,35.1400,33.1200
20/10/2021,34.9400,35.9300,34.1800
19/10/2021,34.4300,35.5000,33.8300
18/10/2021,35.9900,36.6300,34.9000
15/10/2021,35.7500,36.0000,34.2400
14/10/2021,34.6000,35.1600,34.1500
13/10/2021,34.7800,35.4000,33.8400
11/10/2021,33.9000,34.9400,33.7600
08/10/2021,34.7000,36.0000,34.1200
07/10/2021,33.7700,34.3000,33.4400
06/10/2021,33.8000,33.9000,32.4500
05/10/2021,34.2300,34.8800,33.8800
04/10/2021,34.3200,36.1300,33.9700
01/10/2021,36.2200,36.3000,34.1400
30/09/2021,34.4200,35.1800,34.1500
29/09/2021,34.4800,35.4800,34.2000
28/09/2021,34.2400,35.6600,33.7800
27/09/2021,35.8500,37.1600,35.5200
24/09/2021,36.9800,37.0800,36.5300
23/09/2021,37.2000,37.4700,36.5600
22/09/2021,36.6100,36.8700,35.9300
21/09/2021,36.5500,37.2600,35.7500
20/09/2021,35.7100,36.6100,35.2200
17/09/2021,36.5500,37.4000,36.5100
16/09/2021,37.2500,37.4800,36.4700
15/09/2021,36.7900,37.9800,36.3300
14/09/2021,37.3800,37.9700,37.0600
13/09/2021,37.1700,37.5300,36.4600
10/09/2021,36.1700,37.0800,35.8200
09/09/2021,35.8100,36.3200,34.5600
08/09/2021,35.1800,37.1800,35.0600
06/09/2021,37.1200,37.4500,36.8100
03/09/2021,37.1200,37.1200,36.0600
02/09/2021,36.5300,37.4000,36.5300
01/09/2021,37.5000,38.2200,37.1500
31/08/2021,38.0600,38.8300,37.2800
30/08/2021,37.9800,38.3800,37.6400
27/08/2021,38.2100,38.5400,37.5300
26/08/2021,37.9100,39.2500,37.8200
25/08/2021,39.3200,39.7700,38.4700
24/08/2021,38.9000,39.1800,38.2200
23/08/2021,38.0500,39.6000,37.6800
20/08/2021,39.2000,39.5300,38.6000
19/08/2021,39.4500,40.1200,38.2200
18/08/2021,39.0000,39.8800,38.3800
17/08/2021,39.4800,39.6200,38.3000
16/08/2021,39.7600,41.1500,39.0000
13/08/2021,40.8400,41.5700,39.5200
12/08/2021,40.3300,41.0200,39.9100
11/08/2021,40.8000,41.1300,40.1200
10/08/2021,40.5500,41.4000,40.4300
09/08/2021,41.1100,41.8900,40.9200
06/08/2021,41.2000,41.8700,40.8800
05/08/2021,41.2200,41.9300,40.5600
04/08/2021,41.4800,42.0100,41.0600
03/08/2021,41.9400,42.0400,40.8800
02/08/2021,41.6800,42.8200,41.5500
30/07/2021,41.3000,41.9500,41.0000
29/07/2021,42.1300,42.5400,41.7600
28/07/2021,42.0600,42.3400,41.4600
27/07/2021,41.9900,42.3100,41.3700
26/07/2021,42.5400,43.3600,42.0800
23/07/2021,43.3100,43.9100,42.9600
22/07/2021,43.8500,44.0500,43.2600
21/07/2021,43.1900,43.7400,42.9400
20/07/2021,43.5000,44.0500,43.0700
19/07/2021,43.9500,44.7200,43.5900
16/07/2021,45.0300,45.7200,44.6500
15/07/2021,44.9700,45.6400,44.5600
14/07/2021,45.2400,45.9200,44.9500
13/07/2021,45.3700,45.4800,44.1000
12/07/2021,44.8900,45.0900,44.2600
08/07/2021,44.5700,44.8800,43.2000
07/07/2021,44.4200,44.7900,43.4100
06/07/2021,43.3000,43.6800,43.0900
05/07/2021,43.5100,44.1400,43.0700
02/07/2021,43.3900,44.0000,43.0700
01/07/2021,42.8300,44.6500,42.2900
30/06/2021,44.2300,44.4800,43.1500
29/06/2021,44.2000,45.3000,43.7300
28/06/2021,45.3000,45.4700,44.6200
25/06/2021,45.1000,45.8500,44.3100
24/06/2021,45.6700,46.0100,45.0800
23/06/2021,44.9300,46.0200,44.5600
22/06/2021,45.7900,46.1000,44.5800
21/06/2021,46.2800,47.0600,45.9500
18/06/2021,46.5000,46.7500,45.9200
17/06/2021,46.3000,46.8700,45.6700
16/06/2021,46.6200,47.6000,46.1200
15/06/2021,47.5500,48.0800,47.2000
14/06/2021,47.9300,48.2800,46.6800
11/06/2021,46.4400,47.6400,45.8900
10/06/2021,47.6200,48.1800,46.8200
09/06/2021,47.9000,48.9100,47.7400
08/06/2021,48.7800,49.1500,48.2300
07/06/2021,48.4000,48.7100,46.8300
04/06/2021,48.1000,48.2500,46.7100
02/06/2021,47.8300,48.5500,47.2600
01/06/2021,47.8700,48.6100,47.2000
31/05/2021,46.8000,47.2500,46.1300
28/05/2021,47.4300,48.0800,46.9400
27/05/2021,47.0000,47.3900,45.7900
26/05/2021,46.0000,46.7500,44.9900
25/05/2021,45.0500,45.2100,43.8700
24/05/2021,44.0200,44.5500,43.4600
21/05/2021,44.1600,44.3900,43.3300
20/05/2021,44.0300,44.9500,43.2800
19/05/2021,44.3700,44.8900,43.9800
18/05/2021,44.7000,45.1300,44.3000
17/05/2021,45.1000,45.5600,43.3300
14/05/2021,43.7500,45.0800,42.6600
13/05/2021,44.1200,44.2800,42.9900
12/05/2021,43.1900,44.2200,42.4700
11/05/2021,44.5100,44.5100,42.3400
10/05/2021,43.8900,44.1500,42.7500
07/05/2021,43.5600,43.5700,41.7600
06/05/2021,41.8200,41.8200,40.8500
05/05/2021,41.3900,42.8100,41.0300
04/05/2021,41.0900,41.6000,40.4900
03/05/2021,41.0000,41.4400,40.0500
30/04/2021,40.4000,41.7500,39.8400
29/04/2021,39.9700,40.7800,39.4800
28/04/2021,40.0000,40.5900,39.6500
27/04/2021,40.4000,41.4600,40.1100
26/04/2021,41.4600,42.1000,40.8100
23/04/2021,40.8200,41.5900,40.4000
22/04/2021,40.8000,44.3800,40.6200
20/04/2021,43.4000,45.4000,42.8700
19/04/2021,45.2300,47.5700,44.8000
16/04/2021,46.9000,47.5000,41.4500
15/04/2021,41.9100,41.9100,41.1700
14/04/2021,41.4900,41.9700,40.8600
13/04/2021,41.5100,41.8800,40.8200
12/04/2021,41.0700,41.8700,40.9200
09/04/2021,41.5000,42.2600,41.3500
08/04/2021,42.4300,43.3800,42.2800
07/04/2021,43.1300,43.8900,42.7800
06/04/2021,43.8300,44.5700,42.8500
05/04/2021,43.3600,43.8700,42.5600
01/04/2021,42.9200,43.7800,42.4000
31/03/2021,42.5900,43.9100,42.5000
30/03/2021,43.9200,44.1000,41.0400
29/03/2021,41.4900,41.8700,41.0100
26/03/2021,41.9800,43.1300,41.3100
25/03/2021,42.8700,43.1400,39.9600
24/03/2021,40.9100,41.7800,40.7300
23/03/2021,41.6500,42.4800,41.1600
22/03/2021,41.5500,42.7300,41.4300
19/03/2021,42.4700,42.8200,41.3000
18/03/2021,41.1100,42.0800,40.6800
17/03/2021,41.6200,42.1500,39.6300
16/03/2021,40.7000,41.8700,40.2000
15/03/2021,41.8200,42.1500,40.9400
12/03/2021,41.5600,41.6800,39.5700
11/03/2021,40.4200,40.7800,38.1200
10/03/2021,38.3200,39.0200,36.8600
09/03/2021,36.8800,38.4000,36.4300
08/03/2021,38.0000,39.1900,37.7900
05/03/2021,39.5600,40.9300,38.9200
04/03/2021,39.3300,40.1400,37.5400
03/03/2021,37.4800,38.3000,35.9000
02/03/2021,37.3700,37.9500,35.7300
01/03/2021,37.1700,37.7400,36.3600
26/02/2021,36.6600,38.1300,36.3100
25/02/2021,37.2400,37.7300,36.8100
24/02/2021,37.3200,38.4500,37.1000
23/02/2021,38.2600,38.5600,37.8100
22/02/2021,38.3400,39.0500,37.6600
19/02/2021,39.6700,40.4300,39.0800
18/02/2021,40.0000,41.1200,39.6300
17/02/2021,40.5500,40.7900,39.5800
12/02/2021,39.9000,39.9900,38.8100
11/02/2021,39.3900,40.6000,39.3600
10/02/2021,39.7600,40.8600,39.3900
09/02/2021,40.8900,41.3800,40.2800
08/02/2021,41.2400,41.5800,40.5000
05/02/2021,41.0100,41.6800,40.9500
04/02/2021,41.3400,42.2700,41.0600
03/02/2021,41.8400,41.9600,40.8700
02/02/2021,41.0100,42.3200,40.8200
01/02/2021,41.0700,42.0400,40.9200
29/01/2021,41.4700,43.5000,41.4700
28/01/2021,43.2300,44.0800,41.5400
27/01/2021,41.6900,42.1000,40.8000
26/01/2021,41.4200,42.7900,40.6200
22/01/2021,41.0200,41.8800,40.3000
21/01/2021,42.3600,43.3800,41.9400
20/01/2021,43.1100,44.4400,42.9400
19/01/2021,43.9000,44.1500,42.9600
18/01/2021,43.1300,44.4100,42.9400
15/01/2021,43.0800,43.4400,41.8700
14/01/2021,43.3800,43.5200,41.6400
13/01/2021,41.4000,41.8500,40.9700
12/01/2021,41.9000,42.0000,40.8600
11/01/2021,41.4500,42.8700,40.9400
08/01/2021,43.1000,43.1500,40.6100
07/01/2021,40.7500,40.9700,38.9100
06/01/2021,39.7800,42.0400,39.5300
05/01/2021,41.8000,42.5600,41.1300
04/01/2021,42.2100,44.4400,41.9500
30/12/2020,43.5400,44.6200,43.5400
29/12/2020,44.1300,44.3100,43.3500
28/12/2020,43.9700,43.9900,42.5200
23/12/2020,43.7200,43.9500,43.1000
22/12/2020,43.1600,44.3900,42.6800
21/12/2020,43.9500,45.0400,43.5200
18/12/2020,45.1900,46.6000,44.7200
17/12/2020,45.5000,46.4200,45.3000
16/12/2020,46.3100,46.5000,45.4200
15/12/2020,46.0200,46.7200,44.3300
14/12/2020,45.0400,45.7300,44.3900
11/12/2020,44.6100,44.6500,43.1100
10/12/2020,43.8100,44.7400,43.0700
09/12/2020,44.5400,45.0400,43.7200
08/12/2020,44.6300,45.3700,43.9200
07/12/2020,45.0200,45.9800,43.9400
04/12/2020,45.8000,46.8300,45.3000
03/12/2020,46.3800,46.9200,45.7700
02/12/2020,46.0300,46.2600,45.0200
01/12/2020,44.9200,45.3600,44.2200
30/11/2020,44.6800,46.8100,44.3600
27/11/2020,46.3500,47.0900,45.6000
26/11/2020,45.9900,46.5800,45.7200
25/11/2020,46.4000,46.7500,45.5600
24/11/2020,46.0700,46.6300,44.9200
23/11/2020,45.5800,45.9400,44.6400
20/11/2020,45.4400,47.1500,45.2000
19/11/2020,46.9400,47.3000,46.0800
18/11/2020,47.1200,49.1100,47.0000
17/11/2020,48.8500,49.2900,46.5200
16/11/2020,47.5000,47.7600,45.0000
13/11/2020,45.6700,45.9800,44.3500
12/11/2020,45.3800,47.3300,44.8000
11/11/2020,46.8800,48.3800,46.5800
10/11/2020,48.5200,49.9000,47.7800
09/11/2020,47.9800,48.0500,44.4100
06/11/2020,41.9000,41.9000,40.0500
05/11/2020,42.5500,42.5500,41.1600
04/11/2020,40.7000,40.7400,38.6300
03/11/2020,38.0500,39.2300,37.8700
30/10/2020,37.4500,39.6100,37.2500
29/10/2020,39.6200,40.0700,38.6000
28/10/2020,39.6800,40.4500,39.4900
27/10/2020,40.8900,41.7700,40.8900
26/10/2020,41.1900,41.4800,40.7000
23/10/2020,40.9700,41.3600,40.2100
22/10/2020,40.7800,40.8800,40.1100
21/10/2020,40.5000,41.8400,40.5000
20/10/2020,41.5300,43.1100,41.5300
19/10/2020,41.8500,42.0400,40.3800
16/10/2020,40.3300,40.5800,39.4800
15/10/2020,39.7000,39.7600,38.5000
14/10/2020,39.1500,40.1300,38.7300
13/10/2020,39.8600,40.5800,39.0200
09/10/2020,39.2100,40.2400,39.1500
08/10/2020,39.9100,40.0300,39.3300
07/10/2020,39.6500,40.5800,39.1400
06/10/2020,40.2000,41.1800,39.9200
05/10/2020,40.1100,40.4600,39.4600
02/10/2020,39.7700,40.9500,39.7500
01/10/2020,40.7300,40.9800,39.3600
30/09/2020,39.6500,39.7300,38.5300
29/09/2020,38.8000,39.2300,38.2500
28/09/2020,38.6800,40.3100,38.0200
25/09/2020,39.8200,40.2000,39.3200
24/09/2020,40.2300,40.5800,39.8100
23/09/2020,40.0400,42.1600,40.0400
22/09/2020,41.9600,42.2500,40.9700
21/09/2020,41.4500,41.8800,40.2700
18/09/2020,42.2400,44.4700,42.2400
17/09/2020,44.4500,44.5800,43.8000
16/09/2020,44.7600,45.0500,43.8200
15/09/2020,44.2600,45.3400,43.7000
14/09/2020,44.9800,45.3800,43.3500
11/09/2020,43.1000,44.9900,42.6000
10/09/2020,44.0700,47.1900,43.8400
09/09/2020,46.1100,46.8800,45.8200
08/09/2020,46.1700,46.6900,45.2500
04/09/2020,46.3000,46.7000,44.6600
03/09/2020,45.6900,46.9300,45.0200
02/09/2020,45.5800,46.1800,45.0900
01/09/2020,45.4700,46.0500,43.7400
31/08/2020,43.4700,44.2900,42.8200
28/08/2020,43.7200,43.8700,42.4000
27/08/2020,42.6900,43.6300,42.3200
26/08/2020,43.0000,44.1000,42.2000
25/08/2020,43.7900,43.8800,41.9000
24/08/2020,41.9900,42.6600,41.7600
21/08/2020,41.9700,42.2300,40.5000
20/08/2020,41.1200,41.4400,38.5500
19/08/2020,39.7600,41.6800,39.4700
18/08/2020,41.3100,41.7900,40.5600
17/08/2020,40.5800,41.5000,39.5200
14/08/2020,41.6100,41.9000,40.6000
13/08/2020,40.6400,42.7600,40.6000
12/08/2020,41.8500,43.3300,40.8500
11/08/2020,42.4900,43.1500,41.9900
10/08/2020,42.6500,43.3600,42.1100
07/08/2020,43.2200,43.5000,41.8900
06/08/2020,42.8500,43.2400,40.6700
05/08/2020,40.7400,40.9900,39.9600
04/08/2020,39.4800,41.2700,39.0700
03/08/2020,40.8200,41.5700,40.3300
31/07/2020,41.1300,41.6600,40.1000
30/07/2020,41.3900,41.9200,40.7600
29/07/2020,41.7000,42.2200,40.1500
28/07/2020,40.1500,40.5400,39.7000
27/07/2020,40.0000,41.6500,39.9100
24/07/2020,41.2000,41.3300,39.2300
23/07/2020,41.0700,43.0500,40.6200
22/07/2020,42.6800,43.2400,41.9000
21/07/2020,42.3000,43.3400,42.1300
20/07/2020,42.7500,42.7500,41.7000
17/07/2020,42.2500,42.8000,41.6600
16/07/2020,41.5400,41.9700,40.2600
15/07/2020,41.5800,42.9200,41.4500
14/07/2020,41.9100,42.7200,41.3400
13/07/2020,42.7700,44.8000,42.3700
10/07/2020,44.4100,44.9500,43.7600
09/07/2020,44.1100,44.7400,43.1000
08/07/2020,43.6000,44.5000,43.0600
07/07/2020,42.7400,43.2900,42.2200
06/07/2020,42.5200,43.1100,41.0800
03/07/2020,41.0000,41.8100,40.7100
02/07/2020,41.4600,42.2900,40.6200
01/07/2020,41.4300,42.4800,41.3200
30/06/2020,41.8000,42.6300,40.7500
29/06/2020,41.2000,41.2400,40.1100
26/06/2020,40.6000,40.9900,39.8000
25/06/2020,40.8100,41.9200,40.4600
24/06/2020,41.0500,42.2300,40.3200
23/06/2020,41.8700,43.4000,41.6000
22/06/2020,42.9400,44.3800,42.3900
19/06/2020,43.9100,44.4100,43.1200
18/06/2020,43.0400,44.7200,42.5100
17/06/2020,43.4000,44.2700,42.0200
16/06/2020,41.7600,44.2800,41.7600
15/06/2020,42.1300,43.0600,40.3400
12/06/2020,42.9800,43.8200,41.4000
10/06/2020,43.9000,46.5700,43.4900
09/06/2020,45.8200,46.0800,44.5400
08/06/2020,46.2100,48.0400,45.4300
05/06/2020,45.9800,47.6900,45.1200
04/06/2020,44.5600,45.4400,43.5200
03/06/2020,44.1800,44.8900,42.7500
02/06/2020,42.1300,42.3800,41.0200
01/06/2020,40.9900,41.8200,37.9300
29/05/2020,38.5500,39.2000,37.6700
28/05/2020,39.0300,39.7000,38.6400
27/05/2020,39.7900,39.8100,37.5600
26/05/2020,38.1500,41.5200,38.1100
25/05/2020,40.3700,40.9000,38.4200
22/05/2020,37.3700,39.4800,37.2700
21/05/2020,40.7700,41.5000,38.0900
20/05/2020,38.2800,38.6900,36.5700
19/05/2020,36.7900,38.5000,36.3300
18/05/2020,36.2000,36.3000,34.6700
15/05/2020,33.4200,34.5900,32.3000
14/05/2020,33.3000,33.3000,30.8300
13/05/2020,31.7800,33.8600,31.7000
12/05/2020,33.0800,34.4200,32.5000
11/05/2020,32.7000,33.6600,32.0100
08/05/2020,33.9000,34.3300,32.6600
07/05/2020,33.3100,36.2200,32.7300
06/05/2020,35.6300,36.9000,34.9800
05/05/2020,36.3500,38.4900,36.2000
04/05/2020,37.2100,37.5900,35.9300
30/04/2020,38.3900,40.3700,37.8100
29/04/2020,40.5700,41.4300,40.2600
28/04/2020,40.2200,41.0800,39.8000
27/04/2020,38.6600,38.9500,36.9600
24/04/2020,37.6700,38.6500,34.4800
23/04/2020,39.4500,42.9000,38.2500
22/04/2020,40.9300,42.0000,39.0000
20/04/2020,39.0000,39.6800,36.2500
17/04/2020,37.5000,37.9500,35.8000
16/04/2020,35.6500,37.1300,35.3700
15/04/2020,35.7500,37.3000,35.1100
14/04/2020,36.0600,38.6500,36.0600
13/04/2020,36.0400,36.9300,34.9100
09/04/2020,36.5800,39.3000,36.5800
08/04/2020,37.7500,38.0000,36.3000
07/04/2020,37.0000,38.4000,36.1500
06/04/2020,34.7500,35.3900,32.5000
03/04/2020,30.9600,32.1100,29.2100
02/04/2020,32.1400,34.3400,31.4100
01/04/2020,32.2500,32.6000,30.6200
31/03/2020,33.5600,36.1900,32.7300
30/03/2020,35.6900,37.6000,35.2900
27/03/2020,36.0000,37.8000,35.5200
26/03/2020,38.6900,40.5000,35.1400
25/03/2020,36.8000,39.8900,32.7000
24/03/2020,32.9900,36.4900,32.7800
23/03/2020,30.0000,33.6000,28.8400
20/03/2020,34.4100,37.7400,32.6500
19/03/2020,36.8000,36.8500,28.7500
18/03/2020,32.0000,35.0100,26.3200
17/03/2020,38.5400,41.2600,35.8600
16/03/2020,36.9000,41.2900,34.4900
13/03/2020,46.7800,51.0000,42.2300
12/03/2020,43.2100,43.9300,38.3600
11/03/2020,47.0900,50.2500,44.0900
10/03/2020,50.2500,50.2500,46.3700
09/03/2020,46.0000,48.7500,45.1300
06/03/2020,50.7800,51.5200,48.0000
05/03/2020,51.8000,54.5000,50.5200
04/03/2020,54.5500,54.9600,53.1300
03/03/2020,53.3300,54.6800,52.1800
02/03/2020,53.0000,53.7600,51.7000
28/02/2020,53.3000,53.3000,49.0400
27/02/2020,51.0500,53.0200,50.5200
26/02/2020,52.6500,53.4800,51.5200
21/02/2020,56.0000,56.2800,54.7700
20/02/2020,55.5300,56.7700,55.1600
19/02/2020,56.5100,57.0500,56.0900
18/02/2020,56.8500,57.2500,56.2600
17/02/2020,57.2000,57.3000,56.2900
14/02/2020,56.4500,57.5400,55.6500
13/02/2020,57.3100,57.5000,55.5100
12/02/2020,56.6500,57.7100,55.6500
11/02/2020,56.4900,56.7600,54.5600
10/02/2020,54.9600,56.1900,53.9400
07/02/2020,55.5700,56.8200,55.2200
06/02/2020,55.2200,58.0000,55.2200
05/02/2020,57.2000,58.1000,56.3600
04/02/2020,56.9000,58.7000,56.9000
03/02/2020,57.7800,58.2500,57.4100
31/01/2020,57.4500,59.0200,56.9300
30/01/2020,59.2000,59.4700,57.7000
29/01/2020,60.0000,60.4900,59.3300
28/01/2020,59.6700,60.2500,58.5100
27/01/2020,58.8800,59.5000,58.4000
24/01/2020,60.1700,60.9000,60.0700
23/01/2020,60.8700,60.8700,58.2200
22/01/2020,59.8500,60.2400,59.0900
21/01/2020,58.9500,59.4900,58.5600
20/01/2020,59.5000,59.8100,58.4700
17/01/2020,59.2200,59.2200,57.4700
16/01/2020,57.7100,58.1500,56.6500
15/01/2020,57.2500,57.7100,56.5200
14/01/2020,57.6300,58.6500,56.7600
13/01/2020,58.3700,58.3700,57.3200
10/01/2020,57.1300,57.9800,56.8000
09/01/2020,56.9500,58.0000,56.6900
08/01/2020,57.3900,57.4900,56.7500
07/01/2020,57.0200,57.1500,56.1700
06/01/2020,57.0500,57.7200,56.4200
03/01/2020,57.1000,58.2000,56.5600
02/01/2020,57.5000,57.6200,56.4100
30/12/2019,56.1900,56.6900,55.6200
27/12/2019,56.1000,57.1000,56.0300
26/12/2019,56.8700,57.0800,55.9000
23/12/2019,56.1000,56.4000,55.4500
20/12/2019,55.7100,55.7100,54.9000
19/12/2019,55.6400,55.7700,54.6700
18/12/2019,55.1000,55.1000,53.8500
17/12/2019,54.1400,54.7600,53.4000
16/12/2019,54.4500,54.5900,53.5800
13/12/2019,54.2500,54.6000,53.4600
12/12/2019,54.0500,54.0600,53.1800
11/12/2019,53.4400,53.4400,52.3200
10/12/2019,52.7100,52.9600,52.2800
09/12/2019,52.9000,54.1600,52.5000
06/12/2019,54.1600,54.2700,52.6000
05/12/2019,52.9800,53.1000,52.1700
04/12/2019,52.9000,53.3600,52.5600
03/12/2019,52.6400,52.6400,51.6000
02/12/2019,52.4000,52.6700,51.7600
29/11/2019,51.8000,52.0000,51.3000
28/11/2019,51.7700,51.7700,50.8500
27/11/2019,51.1600,51.2200,50.1000
26/11/2019,51.0100,51.0100,49.7400
25/11/2019,51.3000,51.7400,50.9700
22/11/2019,51.3100,51.5700,50.5200
21/11/2019,51.0600,51.7900,50.1500
19/11/2019,50.5800,51.3300,50.0000
18/11/2019,51.0700,52.3200,50.6600
14/11/2019,51.7000,51.7000,49.1100
13/11/2019,49.2900,49.4400,48.2600
12/11/2019,49.5100,50.5000,49.0300
11/11/2019,50.5500,50.5500,48.8500
08/11/2019,48.9200,50.0800,48.6800
07/11/2019,50.1900,50.8000,49.9800
06/11/2019,50.3900,50.4200,49.1200
05/11/2019,49.5200,51.4500,49.4000
04/11/2019,51.0500,51.8400,50.3400
01/11/2019,51.6700,51.6700,50.4500
31/10/2019,50.7500,51.0000,49.5600
30/10/2019,50.2800,50.2800,49.3800
29/10/2019,50.2100,50.2100,49.5200
28/10/2019,50.0500,50.8500,49.6800
25/10/2019,50.5000,50.5000,49.0100
24/10/2019,49.2700,51.2300,49.0900
23/10/2019,51.0900,51.9000,50.7400
22/10/2019,51.9100,52.7200,51.5500
21/10/2019,52.0900,52.0900,51.0500
18/10/2019,51.3000,52.1500,51.1900
17/10/2019,51.7700,52.5800,51.4500
16/10/2019,51.8300,51.8300,50.5700
15/10/2019,51.3000,51.4100,50.2700
14/10/2019,50.7300,50.8400,49.8600
11/10/2019,50.2900,51.1700,48.8900
10/10/2019,48.5900,49.4000,48.3000
09/10/2019,48.9300,49.1500,48.3200
08/10/2019,48.4200,49.0700,47.6400
07/10/2019,48.4000,49.4000,47.9000
04/10/2019,48.9600,49.4000,48.1600
03/10/2019,48.7800,49.1100,47.7200
02/10/2019,48.5100,50.2300,48.5100
01/10/2019,50.4900,50.6800,49.5200
30/09/2019,50.4700,50.6900,49.9100
27/09/2019,50.1800,50.6800,49.7500
26/09/2019,50.0700,50.1400,49.1900
25/09/2019,49.4700,49.5200,48.3000
24/09/2019,49.5000,49.8000,48.8400
23/09/2019,49.4500,50.2500,49.3000
20/09/2019,50.1000,50.5600,49.6200
19/09/2019,50.6600,51.3500,50.0600
18/09/2019,49.7000,49.8400,48.9500
17/09/2019,49.4300,49.5900,48.5300
16/09/2019,48.7000,49.3300,48.1300
13/09/2019,48.8000,50.3600,48.5200
12/09/2019,50.3100,51.8300,50.0200
11/09/2019,51.0300,51.0300,50.1000
10/09/2019,49.4500,49.4500,48.3000
09/09/2019,49.4900,50.1100,48.8000
06/09/2019,49.9700,50.6300,49.5600
05/09/2019,50.2500,50.9800,49.9400
04/09/2019,50.5200,50.5200,49.4700
03/09/2019,49.7500,51.4500,49.2900
02/09/2019,50.3400,51.2400,50.0300
30/08/2019,50.5500,51.1500,50.0700
29/08/2019,50.1800,50.3100,48.4100
28/08/2019,48.6100,48.7400,46.7300
27/08/2019,47.4400,47.9500,46.5400
26/08/2019,47.0500,48.3300,46.7100
23/08/2019,48.0500,49.0200,47.2600
22/08/2019,49.0600,50.1600,48.5600
21/08/2019,50.1300,50.1900,49.1300
20/08/2019,49.3000,49.5200,48.0900
19/08/2019,49.4000,49.9600,48.8500
16/08/2019,49.5600,49.5600,47.8400
15/08/2019,48.2300,49.1500,47.3900
14/08/2019,48.5000,49.7500,48.3200
13/08/2019,50.2500,50.4600,49.1100
12/08/2019,49.8000,50.0600,49.2900
09/08/2019,50.4600,50.9800,50.0300
08/08/2019,50.5200,50.6500,49.5100
07/08/2019,50.0500,50.3500,49.1800
06/08/2019,50.4000,50.7900,48.5600
05/08/2019,48.6300,49.1700,48.0200
02/08/2019,49.7000,49.8500,48.4600
01/08/2019,48.8200,49.6600,47.7100
31/07/2019,47.4600,48.0000,46.5000
30/07/2019,48.5600,48.9400,47.6800
29/07/2019,48.4400,48.4400,46.8500
26/07/2019,47.3700,47.6900,45.8400
25/07/2019,46.1000,46.9100,45.7700
24/07/2019,46.7200,47.3700,46.3800
23/07/2019,46.5500,47.6000,46.4100
22/07/2019,47.5500,47.6900,46.8500
19/07/2019,47.1500,48.6900,47.1500
18/07/2019,48.6000,48.8100,48.0000
17/07/2019,48.2500,49.0300,48.0000
16/07/2019,47.9900,48.2200,47.5500
15/07/2019,47.8400,47.9800,47.1100
12/07/2019,47.5400,48.9800,47.3000
11/07/2019,48.4500,49.4500,48.0300
10/07/2019,48.8400,49.5600,47.4400
08/07/2019,48.0700,48.9700,48.0500
05/07/2019,48.5000,48.5800,47.3100
04/07/2019,47.7000,48.0500,47.0300
03/07/2019,47.1100,47.6300,46.1300
02/07/2019,46.7200,46.9700,46.2900
01/07/2019,46.4300,47.4900,46.1600
28/06/2019,47.1600,47.4200,46.5500
27/06/2019,46.8600,47.1700,45.7600
26/06/2019,46.6400,46.9900,46.3000
25/06/2019,46.2300,47.4100,46.2300
24/06/2019,47.4000,47.4000,46.3200
21/06/2019,46.9800,47.9300,46.4600
19/06/2019,47.8500,47.8500,45.8100
18/06/2019,46.5000,47.6300,46.1400
17/06/2019,46.2500,46.5000,45.6600
14/06/2019,45.8400,46.1600,44.8600
13/06/2019,45.7500,46.9100,45.5900
12/06/2019,45.4000,46.2500,44.9000
11/06/2019,45.2700,45.3500,44.3800
10/06/2019,44.7700,44.8900,43.9400
07/06/2019,44.3600,44.6900,42.7100
06/06/2019,43.1000,43.3500,42.0800
05/06/2019,42.6700,43.6300,42.2200
04/06/2019,43.2600,44.3800,43.1600
03/06/2019,43.9000,44.4500,43.3300
31/05/2019,44.0400,44.4500,43.4600
30/05/2019,43.9500,43.9900,42.6900
29/05/2019,43.1000,44.1900,42.6000
28/05/2019,43.0700,43.1900,41.6500
27/05/2019,41.5800,41.8100,40.8100
24/05/2019,41.0000,41.9600,40.4100
23/05/2019,41.3100,42.2500,41.1900
22/05/2019,41.4400,42.5000,41.2600
21/05/2019,42.0000,42.4200,40.8000
20/05/2019,40.8800,41.1000,39.1600
17/05/2019,39.4000,40.6900,39.0000
16/05/2019,39.7000,40.1500,39.3600
15/05/2019,40.7100,40.7600,39.1000
14/05/2019,40.0500,40.6400,39.8700
13/05/2019,40.4500,40.8000,39.8500
10/05/2019,41.4000,41.6800,40.6600
09/05/2019,41.1000,42.2300,40.9300
08/05/2019,42.1900,42.7700,41.2100
07/05/2019,41.2300,41.6200,40.2100
06/05/2019,40.9700,41.1000,40.5300
03/05/2019,41.3000,42.0400,41.3000
02/05/2019,41.5600,42.8000,41.3100
30/04/2019,46.8800,46.8800,45.5400
29/04/2019,46.5500,46.8900,45.8100
26/04/2019,46.2500,47.3000,45.7700
25/04/2019,45.8500,45.8500,42.9200
24/04/2019,43.3400,43.6000,42.5700
23/04/2019,43.7000,44.5000,43.4600
22/04/2019,43.7000,43.8600,40.8600
18/04/2019,43.0200,43.2600,40.8000
17/04/2019,40.8900,41.3000,40.3100
16/04/2019,41.2800,41.7000,40.8600
15/04/2019,41.3000,41.9800,40.8800
12/04/2019,41.5600,41.9400,40.6000
11/04/2019,41.9000,42.5800,41.6200
10/04/2019,42.6900,42.9700,42.4100
09/04/2019,42.5400,43.1400,42.0400
08/04/2019,42.8100,43.8700,42.4900
05/04/2019,44.0000,44.4300,43.6700
04/04/2019,44.0000,44.2000,43.1500
03/04/2019,43.2000,44.4300,42.9000
02/04/2019,43.2700,44.2300,42.5400
01/04/2019,43.7900,44.2800,43.4100
29/03/2019,43.8000,43.8000,42.2700
28/03/2019,42.3000,42.6900,40.6400
27/03/2019,41.0100,42.1900,40.6200
26/03/2019,42.3100,42.4400,41.4300
25/03/2019,42.0200,42.7400,41.8300
22/03/2019,42.6500,43.0200,41.8000
21/03/2019,43.0600,43.9900,42.6200
20/03/2019,44.0000,44.8000,43.5700
19/03/2019,44.4400,44.9400,44.1600
18/03/2019,44.5800,45.0700,43.6300
15/03/2019,43.9900,44.6800,43.6900
14/03/2019,44.2000,44.4100,43.8100
13/03/2019,44.3600,45.1500,43.8900
12/03/2019,45.1500,45.6300,44.5100
11/03/2019,45.6300,45.8100,43.7600
08/03/2019,43.8600,44.2100,41.9100
07/03/2019,42.8100,43.4600,42.5500
06/03/2019,43.4900,43.9500,42.5100
01/03/2019,43.3300,43.8900,42.6500
28/02/2019,43.2800,44.3200,43.2000
27/02/2019,44.0500,44.4000,43.2300
26/02/2019,44.4000,44.6600,44.0200
25/02/2019,44.3900,45.2200,44.1000
22/02/2019,44.7000,44.7400,43.0500
21/02/2019,43.3000,44.0800,42.8600
20/02/2019,43.4000,44.9400,43.2000
19/02/2019,44.6000,44.8400,43.4900
18/02/2019,44.2400,44.3700,43.2400
15/02/2019,44.1500,44.6800,43.9400
14/02/2019,44.6600,44.8000,42.4100
13/02/2019,43.5000,44.9500,43.1100
12/02/2019,44.6600,45.0000,43.0200
11/02/2019,43.0000,43.7400,42.6400
08/02/2019,43.5000,44.2100,42.6000
07/02/2019,43.3500,44.2900,42.5500
06/02/2019,43.2100,45.1600,43.2100
05/02/2019,45.4700,46.1400,45.2800
04/02/2019,46.0000,46.3000,44.9900
01/02/2019,45.6600,46.4000,44.9600
31/01/2019,45.5000,46.2400,44.8000
30/01/2019,45.4200,46.1600,44.5200
29/01/2019,45.5900,45.6600,44.7300
28/01/2019,45.2700,45.3700,43.7900
24/01/2019,44.4400,44.4400,43.3200
23/01/2019,43.1900,43.7200,42.5100
22/01/2019,42.4000,43.5300,42.2500
21/01/2019,43.0000,43.6700,42.7100
18/01/2019,43.8500,44.3700,42.8400
17/01/2019,43.2500,43.7300,41.7600
16/01/2019,41.7000,41.7000,40.9300
15/01/2019,40.8000,41.7000,40.7700
14/01/2019,40.9500,42.3600,40.5000
11/01/2019,41.7100,42.7000,41.7100
10/01/2019,42.6600,43.1600,42.2900
09/01/2019,42.6000,42.9900,41.9500
08/01/2019,41.7000,41.7800,40.3600
07/01/2019,40.4000,41.7200,40.0600
04/01/2019,41.3500,43.0600,41.1500
03/01/2019,43.0000,43.5500,42.5300
02/01/2019,43.5500,43.9100,42.0000
28/12/2018,42.4000,42.4900,41.3200
27/12/2018,41.2100,41.2100,40.0400
26/12/2018,40.4000,41.4000,40.3100
21/12/2018,41.3000,41.4400,39.3800
20/12/2018,39.5100,39.8500,38.5600
19/12/2018,38.8700,39.5500,38.8400
18/12/2018,38.8000,39.6800,38.8000
17/12/2018,38.8000,39.5500,38.6400
14/12/2018,39.5000,40.4200,39.2300
13/12/2018,39.6600,40.1000,39.4400
12/12/2018,39.5200,40.2600,39.2700
11/12/2018,39.3800,39.3800,38.2600
10/12/2018,38.2500,39.3800,38.0500
07/12/2018,39.1400,40.6400,39.1400
06/12/2018,39.9100,40.0000,38.6800
05/12/2018,39.4000,39.4000,38.3400
04/12/2018,38.3600,39.5200,37.9200
03/12/2018,39.1700,39.8100,38.6200
30/11/2018,39.1000,39.4800,38.8100
29/11/2018,39.4400,39.4400,38.7500
28/11/2018,39.5000,39.7900,38.9700
27/11/2018,39.4900,39.5600,37.6400
26/11/2018,38.0300,39.7900,37.4700
23/11/2018,39.2300,39.2300,38.2600
22/11/2018,38.8000,39.2900,38.7800
21/11/2018,38.8500,39.0000,38.0200
19/11/2018,39.6200,39.6200,38.3100
16/11/2018,39.2200,39.3300,37.7600
14/11/2018,37.9100,37.9300,37.0000
13/11/2018,37.3000,37.3000,35.4300
12/11/2018,36.3500,37.3000,36.3200
09/11/2018,36.7900,37.0000,35.5000
08/11/2018,36.2200,37.6800,35.8500
07/11/2018,36.9600,37.7900,36.6600
06/11/2018,37.2500,37.6600,36.7700
05/11/2018,37.4500,38.1300,36.8200
01/11/2018,38.0300,38.2500,37.1000
31/10/2018,37.6000,38.8700,37.1600
30/10/2018,38.2100,38.2100,35.7800
29/10/2018,35.2200,38.8500,34.9400
26/10/2018,36.9100,37.7100,36.3700
25/10/2018,36.1500,36.4600,35.1100
24/10/2018,35.0000,36.3600,34.9400
23/10/2018,35.4500,35.8900,34.3300
22/10/2018,35.1400,35.5900,34.5400
19/10/2018,34.5600,35.6400,34.1900
18/10/2018,34.8900,35.5400,34.7700
17/10/2018,35.2000,35.8000,35.0100
16/10/2018,35.6000,35.9300,34.4400
15/10/2018,34.4500,34.9300,33.9600
11/10/2018,34.4500,35.7500,34.3400
10/10/2018,35.0000,35.6400,34.9100
09/10/2018,35.8300,36.1200,35.5500
08/10/2018,36.0000,36.4400,34.9100
05/10/2018,33.9000,34.7800,33.3400
04/10/2018,34.2400,34.3300,32.9700
03/10/2018,34.1000,34.8700,33.7100
02/10/2018,33.0500,33.4000,31.7000
01/10/2018,31.0400,31.3600,30.4300
28/09/2018,31.0000,31.2700,30.5900
27/09/2018,31.3500,31.3500,30.6500
26/09/2018,30.4700,31.3000,30.4200
25/09/2018,30.7000,31.0200,30.1200
24/09/2018,30.9000,31.4700,30.7500
21/09/2018,31.2000,31.5800,29.8700
20/09/2018,29.7500,30.2300,29.1000
19/09/2018,29.8000,30.9600,29.5000
18/09/2018,30.9000,31.2800,29.6600
17/09/2018,30.1200,30.2000,28.6100
14/09/2018,28.8800,28.9300,27.8000
13/09/2018,27.9000,28.6000,27.5000
12/09/2018,28.5000,28.7200,28.3700
11/09/2018,28.5000,28.8200,28.1500
10/09/2018,28.9900,29.5000,28.2300
06/09/2018,28.8200,29.1300,27.5600
05/09/2018,27.9400,28.3600,27.2500
04/09/2018,27.3800,27.9500,27.2000
03/09/2018,28.0000,28.3600,27.7100
31/08/2018,28.2800,28.8000,28.0200
30/08/2018,28.2400,29.5100,28.1900
29/08/2018,29.4500,29.8100,29.3300
28/08/2018,29.1600,29.8700,29.0300
27/08/2018,29.6400,29.9000,28.8000
24/08/2018,28.7400,29.6000,28.5700
23/08/2018,28.7500,29.7400,28.5600
22/08/2018,29.4200,29.4500,28.4400
21/08/2018,28.8400,29.7300,28.5900
20/08/2018,29.6500,30.0000,28.8000
17/08/2018,29.0200,29.5700,28.9200
16/08/2018,29.8400,30.3700,29.0400
15/08/2018,29.9800,30.3800,29.4200
14/08/2018,30.3100,30.7500,30.1800
13/08/2018,30.1900,30.1900,29.2000
10/08/2018,29.5600,30.7400,29.2000
09/08/2018,30.6200,30.9500,30.4100
08/08/2018,31.0500,31.4400,31.0200
07/08/2018,31.1500,31.6600,31.0500
06/08/2018,31.1700,31.6000,31.0100
03/08/2018,31.2700,31.4600,30.2700
02/08/2018,30.4400,30.8000,30.3700
01/08/2018,30.9100,31.3500,30.5900
31/07/2018,30.8800,31.1400,30.1000
30/07/2018,31.2000,31.3700,30.3200
27/07/2018,30.5500,32.2500,30.4600
26/07/2018,31.5900,32.1100,30.7600
25/07/2018,31.7500,32.1000,31.3600
24/07/2018,31.6800,32.0000,30.8800
23/07/2018,30.6800,31.6500,30.6800
20/07/2018,31.7800,32.4400,31.3900
19/07/2018,31.2000,31.3100,29.3100
18/07/2018,30.1400,30.8500,30.0000
17/07/2018,30.6300,30.9200,29.7000
16/07/2018,30.0900,31.1800,29.9200
13/07/2018,30.6700,31.0000,29.8100
12/07/2018,29.9700,30.3500,29.7100
11/07/2018,29.9000,30.3600,29.6000
10/07/2018,30.5000,30.6200,29.4100
06/07/2018,29.9000,30.0900,29.2200
05/07/2018,29.9000,30.0500,29.0100
04/07/2018,29.8500,30.2700,29.7000
03/07/2018,30.0000,30.3000,28.9900
02/07/2018,29.0000,29.2800,28.2000
29/06/2018,29.3700,29.7700,28.7100
28/06/2018,28.5000,28.7000,27.6000
27/06/2018,27.7200,29.3900,27.5300
26/06/2018,29.2000,29.2000,28.1800
25/06/2018,28.5000,28.7900,28.0900
22/06/2018,28.3800,28.7900,27.9300
21/06/2018,28.5700,29.4600,28.5000
20/06/2018,29.3000,29.9700,28.8300
19/06/2018,28.5100,29.0600,27.6000
18/06/2018,27.8900,28.3100,27.3000
15/06/2018,28.0600,28.1900,27.3800
14/06/2018,28.3000,29.0900,28.0200
13/06/2018,28.7600,29.6000,28.0200
12/06/2018,29.5500,29.7600,28.6300
11/06/2018,29.0100,29.5300,28.4700
08/06/2018,29.2500,29.7800,27.5500
07/06/2018,28.8600,28.8600,25.5500
06/06/2018,28.9900,29.1800,28.6000
05/06/2018,29.1300,30.1000,28.7800
04/06/2018,30.1600,30.4300,29.7500
01/06/2018,30.0900,31.0000,29.3000
30/05/2018,29.6700,30.0000,28.8000
29/05/2018,29.3000,30.4400,28.5800
28/05/2018,29.9900,30.4900,29.5100
25/05/2018,31.0000,31.8300,30.6500
24/05/2018,31.9000,32.1700,30.5000
23/05/2018,30.9000,31.4900,30.6500
22/05/2018,31.7100,32.0800,30.3700
21/05/2018,30.2300,30.5300,29.8100
18/05/2018,30.1200,30.3000,29.0800
17/05/2018,30.3900,30.9000,30.0200
16/05/2018,31.0500,31.1900,30.5200
15/05/2018,30.6000,31.5600,30.2500
14/05/2018,31.6900,32.4300,31.3200
11/05/2018,32.0200,33.6000,31.7900
10/05/2018,33.1000,33.2200,32.3100
09/05/2018,32.9300,33.6200,32.9300
08/05/2018,33.6100,34.3000,33.3400
07/05/2018,33.8800,34.1400,33.7500
04/05/2018,34.0000,34.1900,33.3000
03/05/2018,32.2500,32.9500,31.7100
02/05/2018,32.1400,32.3500,31.7800
30/04/2018,32.6100,33.2100,32.3900
27/04/2018,32.8500,32.8500,32.1000
26/04/2018,32.2700,32.3900,32.0300
25/04/2018,32.0300,32.6900,32.0300
24/04/2018,33.0000,33.5300,32.7700
23/04/2018,33.3900,33.6100,33.0000
20/04/2018,33.0700,33.4800,32.9800
19/04/2018,33.4200,33.7600,32.9400
18/04/2018,33.6600,34.0900,33.3700
17/04/2018,33.3400,33.7700,32.8800
16/04/2018,33.1900,33.8100,32.9600
13/04/2018,33.3300,33.5300,32.6600
12/04/2018,33.1500,33.1900,32.5500
11/04/2018,32.2500,32.9000,32.0500
10/04/2018,32.6100,33.5300,32.6100
09/04/2018,33.1000,34.1800,32.9000
06/04/2018,33.8900,34.3400,33.5000
05/04/2018,34.1600,34.8200,33.7600
04/04/2018,33.9300,33.9900,32.3700
03/04/2018,33.7800,34.4400,33.4700
02/04/2018,34.1200,34.6700,33.8000
29/03/2018,34.3500,34.3800,33.3700
28/03/2018,33.3800,33.8500,33.0200
27/03/2018,33.5000,34.5500,33.3400
26/03/2018,34.2900,34.6400,34.2000
23/03/2018,34.1500,34.9300,33.8700
22/03/2018,35.0500,35.0500,33.9600
21/03/2018,34.0800,34.2400,33.8200
20/03/2018,34.1000,34.7200,33.9000
19/03/2018,34.5000,35.1400,34.3500
16/03/2018,35.2500,35.8300,34.9700
15/03/2018,35.4500,35.5600,35.0400
14/03/2018,35.3700,35.7100,35.0200
13/03/2018,35.4700,36.0400,34.8900
12/03/2018,35.9200,36.2800,35.4800
09/03/2018,35.8200,35.8900,34.7000
08/03/2018,34.6500,34.8400,34.2000
07/03/2018,34.6000,34.7700,33.7700
06/03/2018,34.5000,35.2000,34.2800
05/03/2018,34.9100,35.4700,34.5000
02/03/2018,35.3000,35.3000,34.3000
01/03/2018,34.7000,35.1800,34.4400
28/02/2018,34.5200,35.0800,34.0500
27/02/2018,34.6600,35.9400,34.5600
26/02/2018,35.8700,36.5000,35.5600
23/02/2018,36.3800,36.4000,35.8000
22/02/2018,36.2300,36.2300,34.4100
21/02/2018,34.9000,35.1900,34.3900
20/02/2018,34.6600,34.8700,33.7800
19/02/2018,34.4900,34.9400,33.8900
16/02/2018,34.5900,35.3600,34.1200
15/02/2018,35.0000,35.2400,34.1000
14/02/2018,33.9000,34.3600,33.7000
09/02/2018,33.1700,34.0800,32.8400
08/02/2018,34.7800,35.7600,34.5600
07/02/2018,35.1500,36.6500,35.0600
06/02/2018,36.3600,36.7800,34.2700
05/02/2018,35.9700,37.3600,35.9200
02/02/2018,37.2600,37.7000,36.3400
01/02/2018,37.6900,38.9300,37.5000
31/01/2018,37.8600,38.3300,37.7500
30/01/2018,37.5000,37.6400,37.0000
29/01/2018,37.3700,37.9900,36.8300
26/01/2018,38.2100,38.3900,37.0100
24/01/2018,37.2500,37.2500,35.9500
23/01/2018,35.7000,36.3900,35.1600
22/01/2018,36.4100,36.7000,35.9300
19/01/2018,36.5800,37.1600,36.4000
18/01/2018,36.8500,37.2500,36.6600
17/01/2018,37.2300,37.2300,36.2900
16/01/2018,36.3200,36.4900,36.0000
15/01/2018,36.2000,36.2000,35.2400
12/01/2018,35.3000,35.3900,34.6300
11/01/2018,35.0000,35.2000,34.8600
10/01/2018,34.8500,35.7000,34.8500
09/01/2018,35.8100,35.9800,35.1600
08/01/2018,35.6000,35.8600,35.1100
05/01/2018,35.7800,36.0900,35.3500
04/01/2018,36.0000,36.1400,35.5100
03/01/2018,35.8000,35.8700,34.7300
02/01/2018,35.3500,35.9500,34.9100
28/12/2017,35.4900,35.6700,35.0000
27/12/2017,35.5000,35.6800,34.8600
26/12/2017,34.6200,34.8800,33.4000
22/12/2017,33.7000,34.1200,33.6200
21/12/2017,34.0100,34.0100,33.0400
20/12/2017,33.5900,33.6200,33.1900
19/12/2017,33.0900,33.3000,32.3500
18/12/2017,32.9900,33.5700,32.9100
15/12/2017,33.1000,34.2000,32.9700
14/12/2017,33.4100,33.7900,32.5900
13/12/2017,33.9400,35.0000,33.5100
12/12/2017,34.7000,34.7000,33.8300
11/12/2017,34.4500,35.0800,33.9200
08/12/2017,34.5000,34.9000,34.2400
07/12/2017,34.2400,34.4100,33.0200
06/12/2017,34.4000,34.5700,33.1100
05/12/2017,33.3900,34.6800,33.0400
04/12/2017,33.7200,34.2200,33.3200
01/12/2017,34.0400,34.2300,33.5300
30/11/2017,33.9300,33.9400,32.4200
29/11/2017,34.2000,35.2000,33.8800
28/11/2017,34.9700,35.6600,34.2100
27/11/2017,34.3300,34.7000,33.6500
24/11/2017,34.6000,35.0500,34.5400
23/11/2017,34.8000,35.1400,34.2500
22/11/2017,35.1500,36.1700,35.0900
21/11/2017,35.9400,36.0400,35.1400
17/11/2017,35.1400,35.3000,34.1600
16/11/2017,34.4600,34.7700,33.0100
14/11/2017,33.1800,33.9300,33.0600
13/11/2017,33.5000,33.7300,32.9200
10/11/2017,33.5700,34.9000,33.2600
09/11/2017,34.4900,35.8800,34.3500
08/11/2017,35.7600,35.9700,34.3200
07/11/2017,34.7700,35.9800,34.1700
06/11/2017,35.8000,35.8500,34.5800
03/11/2017,34.5500,34.9800,33.9100
01/11/2017,34.3600,35.5100,34.3600
31/10/2017,34.4800,35.5900,34.0200
30/10/2017,35.1900,35.7300,34.6000
27/10/2017,35.7200,36.6200,35.0000
26/10/2017,36.3200,37.2900,36.0000
25/10/2017,37.6000,38.3200,36.6800
24/10/2017,37.1000,37.2300,36.0000
23/10/2017,36.1700,37.4800,35.6200
20/10/2017,36.9000,37.4500,36.7000
19/10/2017,36.7400,37.3300,36.0600
18/10/2017,37.5000,37.6500,36.0500
17/10/2017,35.9500,36.8500,35.8400
16/10/2017,36.3900,37.2000,36.1200
13/10/2017,36.8000,37.2400,36.2700
11/10/2017,37.0900,37.6000,37.0100
10/10/2017,37.3800,37.6500,37.0700
09/10/2017,37.0500,37.0800,36.5200
06/10/2017,37.0100,37.1500,36.7300
05/10/2017,37.0900,38.2000,36.9400
04/10/2017,37.3300,37.9700,37.2100
03/10/2017,37.3000,37.4200,36.0200
02/10/2017,36.1000,36.7500,35.4400
29/09/2017,36.0600,36.3800,35.0000
28/09/2017,35.0100,35.3600,34.4300
27/09/2017,34.5000,34.7100,34.0200
26/09/2017,34.7200,35.1300,34.2600
25/09/2017,34.5000,34.9200,33.7100
22/09/2017,34.6100,35.2900,34.4500
21/09/2017,34.6100,34.9500,34.4200
20/09/2017,34.7300,35.0300,34.3100
19/09/2017,34.9000,35.8900,34.6700
18/09/2017,35.8000,35.9300,35.1700
15/09/2017,35.4900,35.4900,34.2000
14/09/2017,34.2700,34.2700,33.9100
13/09/2017,34.2800,34.5900,34.1000
12/09/2017,34.6000,35.0500,33.1200
11/09/2017,33.6900,33.8900,33.2900
08/09/2017,33.4100,33.4100,32.7300
06/09/2017,33.1800,33.3600,32.0100
05/09/2017,32.0000,32.1100,31.5000
04/09/2017,31.3900,31.4400,30.8100
01/09/2017,31.0500,31.1900,30.6000
31/08/2017,30.6000,31.0500,30.4600
30/08/2017,30.9000,31.3300,30.3700
29/08/2017,31.0000,31.1500,30.2400
28/08/2017,30.8200,31.2900,30.7800
25/08/2017,31.0600,31.2500,30.7700
24/08/2017,30.8200,31.5100,30.8200
23/08/2017,31.0000,31.1000,30.1300
22/08/2017,30.1000,30.5200,29.5200
21/08/2017,29.7200,30.6300,29.7200
18/08/2017,30.2300,30.7500,30.1400
17/08/2017,30.5000,30.7800,30.4300
16/08/2017,30.7600,31.1300,30.7000
15/08/2017,31.0000,31.1600,30.8100
14/08/2017,30.7500,30.8200,30.1500
11/08/2017,30.4000,30.6300,29.9300
10/08/2017,30.2500,30.2700,29.9100
09/08/2017,30.2200,30.2200,29.6300
08/08/2017,30.0500,30.1600,29.4200
07/08/2017,29.5900,29.7400,28.7100
04/08/2017,29.2500,29.8000,29.0400
03/08/2017,29.8200,30.1800,29.6100
02/08/2017,30.0000,30.4300,29.8500
01/08/2017,29.9700,29.9700,29.2900
31/07/2017,29.3000,29.6900,29.2000
28/07/2017,29.5300,29.5300,29.1100
27/07/2017,29.4600,29.5500,29.1000
26/07/2017,29.2000,30.1800,28.9000
25/07/2017,30.2000,30.2900,29.9500
24/07/2017,29.8600,29.9300,29.2800
21/07/2017,29.2000,29.2900,28.5700
20/07/2017,28.5600,28.6300,27.8800
19/07/2017,28.2800,28.7900,28.1100
18/07/2017,28.4000,28.7300,28.3800
17/07/2017,28.6000,29.1400,28.6000
14/07/2017,28.9500,29.6400,28.8200
13/07/2017,29.5400,29.6600,28.9100
12/07/2017,28.9500,29.1700,28.2000
11/07/2017,28.1500,28.3000,27.5700
10/07/2017,27.9000,28.2200,27.6900
07/07/2017,27.4800,27.7500,27.3700
06/07/2017,27.4100,27.7800,27.3400
05/07/2017,27.7800,27.8400,26.9300
04/07/2017,27.3800,27.8400,27.2000
03/07/2017,27.5500,27.6800,27.0900
30/06/2017,27.3800,27.5000,26.7900
29/06/2017,26.7700,26.9200,26.5100
28/06/2017,26.6700,26.7700,26.2700
27/06/2017,26.6200,27.0300,26.3900
26/06/2017,26.9000,27.0800,26.5800
23/06/2017,26.5800,26.8000,26.4000
22/06/2017,26.5600,26.7200,26.1300
21/06/2017,26.4500,27.2100,26.3400
20/06/2017,26.9800,27.7700,26.8200
19/06/2017,27.8000,27.8500,27.0600
16/06/2017,27.2500,27.4400,26.8600
14/06/2017,27.2000,27.4000,26.8300
13/06/2017,26.8700,27.3400,26.4700
12/06/2017,26.8600,27.3800,26.4800
09/06/2017,27.5800,27.6800,26.8500
08/06/2017,27.4900,27.5900,27.1200
07/06/2017,27.4000,27.7400,26.9100
06/06/2017,27.0400,27.2600,26.5800
05/06/2017,26.9000,26.9000,26.1200
02/06/2017,26.8500,26.9600,26.3400
01/06/2017,26.4400,26.8200,26.2500
31/05/2017,26.3700,26.9200,26.3200
30/05/2017,26.8900,26.9800,26.5700
29/05/2017,26.5500,27.1500,26.3700
26/05/2017,27.1400,27.3700,26.8100
25/05/2017,26.9000,27.7300,26.6900
24/05/2017,27.4000,27.7500,26.5300
23/05/2017,26.6000,26.7400,25.6500
22/05/2017,25.4800,26.5800,25.2000
19/05/2017,26.9000,27.3100,26.4100
18/05/2017,26.5500,27.3900,24.0000
17/05/2017,28.7800,29.2900,28.3600
16/05/2017,29.1000,29.2300,28.9200
15/05/2017,29.0000,29.4400,28.8700
12/05/2017,29.3500,29.6300,28.6200
11/05/2017,29.3000,29.7500,28.6400
10/05/2017,29.3500,29.3500,28.1000
09/05/2017,28.1100,28.2400,27.3300
08/05/2017,27.2300,27.4000,27.0800
05/05/2017,27.1000,27.5000,27.0400
04/05/2017,27.3400,27.8900,26.8500
03/05/2017,30.1800,30.4700,30.0200
02/05/2017,30.1000,30.3300,29.2500
28/04/2017,29.5800,29.5900,28.6700
27/04/2017,28.9000,29.2000,28.1700
26/04/2017,28.7600,29.5600,28.7300
25/04/2017,29.4000,29.5800,29.0600
24/04/2017,29.3300,29.6500,29.0300
20/04/2017,29.0600,29.2400,28.6300
19/04/2017,28.7500,29.7600,28.7000
18/04/2017,29.6500,29.7900,29.1800
17/04/2017,29.4100,29.9300,28.8600
13/04/2017,29.0000,29.2000,28.5800
12/04/2017,29.0300,29.2300,28.2800
11/04/2017,28.6900,29.0000,28.0900
10/04/2017,28.8800,28.9900,28.3100
07/04/2017,28.3900,28.6000,28.0100
06/04/2017,28.2000,28.6300,27.8100
05/04/2017,28.3600,28.8900,27.9300
04/04/2017,27.8400,27.8900,27.6100
03/04/2017,27.7400,28.1000,27.4900
31/03/2017,27.8000,28.1400,27.2200
30/03/2017,27.8200,28.0100,27.3500
29/03/2017,27.9000,28.0200,27.4200
28/03/2017,27.3500,27.6300,26.7500
27/03/2017,26.8600,27.2900,26.7100
24/03/2017,27.3000,27.3000,26.0300
23/03/2017,26.2000,26.6900,25.7600
22/03/2017,26.1200,26.5700,26.0000
21/03/2017,26.4900,26.9400,26.1900
20/03/2017,26.8100,26.9800,26.3500
17/03/2017,26.4000,27.3800,26.3600
16/03/2017,27.0000,27.4100,26.6000
15/03/2017,27.2100,27.5000,26.0800
14/03/2017,26.4000,27.0300,26.3500
13/03/2017,26.9600,27.1900,26.2900
10/03/2017,26.2400,26.7500,25.8700
09/03/2017,25.9000,26.1500,25.0800
08/03/2017,25.6800,26.0600,25.4200
07/03/2017,25.9000,26.5900,25.8200
06/03/2017,26.3700,26.4600,25.9500
03/03/2017,26.0600,26.0900,25.2200
02/03/2017,25.7800,26.2300,25.4000
01/03/2017,26.1300,26.2500,25.5100
24/02/2017,25.5500,26.3400,25.5500
23/02/2017,26.5900,27.1000,26.3000
22/02/2017,26.6800,26.6900,26.0200
21/02/2017,26.3600,26.4500,26.0400
20/02/2017,26.0000,26.4000,25.6300
17/02/2017,25.8000,25.8800,25.3000
16/02/2017,25.8900,26.1200,25.5200
15/02/2017,25.8900,26.1800,25.5600
14/02/2017,25.4000,25.8000,24.8500
13/02/2017,24.8300,25.0400,24.6200
10/02/2017,24.7200,24.8300,24.3200
09/02/2017,23.8000,24.1900,23.6200
08/02/2017,23.6500,24.0400,23.5500
07/02/2017,24.0000,24.4600,23.7000
06/02/2017,24.0600,24.9300,24.0200
03/02/2017,24.6600,25.0800,23.7600
02/02/2017,23.7800,24.3600,23.7300
01/02/2017,23.7700,24.3200,23.7000
31/01/2017,23.8800,24.3800,23.8300
30/01/2017,24.2000,24.8400,24.0800
27/01/2017,24.8700,24.9000,24.5000
26/01/2017,24.7700,25.0000,24.3200
24/01/2017,24.2300,25.0200,24.2300
23/01/2017,24.7800,24.8900,23.9600
20/01/2017,24.0100,24.2900,23.3800
19/01/2017,23.6500,23.8800,23.5000
18/01/2017,23.8000,24.3700,23.7000
17/01/2017,23.8600,24.1900,23.6200
16/01/2017,24.1100,24.2500,23.7600
13/01/2017,24.1100,24.8000,23.8700
12/01/2017,24.4400,24.8300,23.6200
11/01/2017,22.9100,23.1000,22.5200
10/01/2017,22.9000,23.2700,22.7200
09/01/2017,22.9500,23.2800,22.9400
06/01/2017,23.1500,23.4200,22.9400
05/01/2017,23.4200,23.8900,23.3700
04/01/2017,23.6400,24.1900,23.3900
03/01/2017,23.8500,24.0000,22.9400
02/01/2017,23.1400,23.1900,22.8100
29/12/2016,23.1700,23.3300,22.7800
28/12/2016,23.2400,23.3000,22.4000
27/12/2016,22.6000,22.6000,21.7000
26/12/2016,21.8000,21.9100,21.5200
23/12/2016,21.5100,22.0000,21.3500
22/12/2016,21.3500,21.6900,21.1100
21/12/2016,21.5600,22.1400,21.5300
20/12/2016,21.8800,22.8200,21.8200
19/12/2016,22.5600,22.9800,22.4500
16/12/2016,22.6600,22.9200,22.4400
15/12/2016,22.5200,22.7300,22.1400
14/12/2016,22.7000,22.9400,22.5800
13/12/2016,22.8000,22.8600,22.0100
12/12/2016,22.2300,22.5000,21.8000
09/12/2016,22.5400,22.7600,22.0000
08/12/2016,22.3500,22.6000,22.0700
07/12/2016,22.3200,22.5000,21.7400
06/12/2016,21.7700,22.2100,21.1800
05/12/2016,21.6900,22.0000,21.3300
02/12/2016,21.8000,21.9800,21.0400
01/12/2016,21.6800,22.4000,21.3700
30/11/2016,22.4800,23.2000,22.1500
29/11/2016,22.4200,23.4600,22.4200
28/11/2016,23.4300,23.4300,22.4200
25/11/2016,22.7500,22.8300,22.3700
24/11/2016,22.8500,22.9800,22.5300
23/11/2016,22.4500,22.9300,22.3700
22/11/2016,22.9300,23.6200,22.9300
21/11/2016,22.9300,23.0700,22.3600
18/11/2016,22.8000,23.1700,22.5800
17/11/2016,22.8400,23.5400,22.7600
16/11/2016,23.5000,23.7200,22.9200
14/11/2016,23.2300,23.6700,22.2800
11/11/2016,22.7800,23.7400,22.5000
10/11/2016,23.3000,24.5000,23.0600
09/11/2016,24.5000,24.8000,24.0200
08/11/2016,24.8900,25.3300,24.6400
07/11/2016,25.0900,25.3900,24.3800
04/11/2016,24.2900,25.2700,24.1700
03/11/2016,25.0200,26.3200,25.0200
01/11/2016,26.2000,27.0000,26.0700
31/10/2016,27.0000,27.0700,26.4000
28/10/2016,26.5000,26.7300,26.1500
27/10/2016,26.4000,27.0400,26.3000
26/10/2016,26.7500,27.2000,26.3400
25/10/2016,26.9100,27.2900,26.1500
24/10/2016,26.9000,27.2000,26.7000
21/10/2016,26.9000,27.2500,26.6100
20/10/2016,27.0000,27.2500,26.4400
19/10/2016,26.9600,27.1500,26.5200
18/10/2016,27.0100,27.5000,26.3900
17/10/2016,26.6000,26.8700,26.2400
14/10/2016,26.3000,26.5500,25.8000
13/10/2016,25.9800,25.9800,25.2000
11/10/2016,25.5000,25.8600,25.3000
10/10/2016,25.8000,25.8000,25.4000
07/10/2016,25.6000,25.6000,24.9900
06/10/2016,25.0000,25.0500,24.5000
05/10/2016,24.9400,25.0300,24.3200
04/10/2016,24.2600,25.3000,23.6700
03/10/2016,24.9700,25.2000,24.4300
30/09/2016,24.4700,25.1600,24.4700
29/09/2016,24.6900,25.6100,24.6900
28/09/2016,25.5000,25.8000,24.8600
27/09/2016,25.2900,25.2900,24.7700
26/09/2016,24.9200,25.2400,24.7000
23/09/2016,25.2200,25.7000,24.9700
22/09/2016,25.2200,25.4400,25.0800
21/09/2016,24.8600,25.0800,24.3600
20/09/2016,25.1200,25.1200,24.6800
19/09/2016,24.7800,25.1800,24.6200
16/09/2016,24.6200,24.8500,24.0300
15/09/2016,24.8500,24.9900,24.4700
14/09/2016,24.6900,24.8300,24.3000
13/09/2016,24.6600,25.1200,24.1200
12/09/2016,25.2000,25.2000,24.6400
09/09/2016,25.0000,25.6100,25.0000
08/09/2016,25.9000,26.4900,25.6600
06/09/2016,26.2000,26.3100,25.6200
05/09/2016,25.7400,26.0000,25.4900
02/09/2016,25.8700,25.8700,25.0700
01/09/2016,25.1400,25.6100,25.0000
31/08/2016,25.6300,25.7300,24.9000
30/08/2016,25.5000,25.8200,25.2300
29/08/2016,25.6900,25.9000,24.8700
26/08/2016,25.3000,25.7600,24.6700
25/08/2016,25.6500,25.9200,24.9500
24/08/2016,24.8500,25.1500,24.4700
23/08/2016,24.5500,25.7400,24.5500
22/08/2016,25.6000,26.1300,25.3600
19/08/2016,25.6600,26.0300,25.4800
18/08/2016,25.7700,26.5700,25.7000
17/08/2016,26.4000,26.8800,25.6000
16/08/2016,26.7800,27.1500,26.6100
15/08/2016,27.1000,27.3900,26.8600
12/08/2016,27.0800,27.2600,26.8500
11/08/2016,27.0000,27.0800,26.3000
10/08/2016,26.6700,27.2100,26.5200
09/08/2016,26.9900,27.1400,26.6600
08/08/2016,26.9000,27.2200,26.8200
05/08/2016,27.0400,27.4200,26.8900
04/08/2016,27.2000,27.4200,26.7800
03/08/2016,26.7800,27.1700,26.5000
02/08/2016,27.1000,27.4000,26.8000
01/08/2016,27.4700,27.7000,27.2000
29/07/2016,27.2600,27.6500,27.0100
28/07/2016,27.0100,27.0100,26.4200
27/07/2016,26.6500,27.2800,26.0900
26/07/2016,26.0600,26.8900,25.9700
25/07/2016,26.0500,26.9900,25.9500
22/07/2016,27.0000,27.1000,26.3600
21/07/2016,26.5500,26.8400,26.2300
20/07/2016,26.7700,27.1200,26.4500
19/07/2016,26.5000,26.7500,26.3000
18/07/2016,26.5600,26.7200,25.8300
15/07/2016,26.0500,26.1200,25.5300
14/07/2016,25.8000,26.2600,25.6200
13/07/2016,26.0000,26.1200,25.7100
12/07/2016,26.1000,26.3800,25.8800
11/07/2016,26.0000,26.1000,25.5300
08/07/2016,25.5000,25.6700,24.5200
07/07/2016,24.4500,24.5600,24.1200
06/07/2016,24.2300,24.3800,23.8700
05/07/2016,24.2500,24.7000,24.1100
04/07/2016,24.4800,24.8100,23.9600
01/07/2016,24.0500,24.1200,23.4400
30/06/2016,23.6900,23.9700,23.2000
29/06/2016,23.3200,23.6000,23.0700
28/06/2016,22.7700,23.0400,22.6200
27/06/2016,22.5200,23.0200,22.4700
24/06/2016,22.9700,23.2500,22.5500
23/06/2016,23.5000,23.6300,22.6100
22/06/2016,23.1300,23.7500,22.7000
21/06/2016,23.7500,23.8500,22.8800
20/06/2016,23.0800,23.5400,22.5500
17/06/2016,22.9300,23.0300,22.4400
16/06/2016,22.4400,22.7300,21.6600
15/06/2016,22.1800,22.4200,21.5600
14/06/2016,21.8600,22.3200,21.4700
13/06/2016,22.2500,22.3900,21.9000
10/06/2016,22.2900,22.6000,22.1300
09/06/2016,22.6100,22.8900,22.3500
08/06/2016,22.6500,23.1500,22.3400
07/06/2016,22.5000,22.5000,21.9200
06/06/2016,22.2000,22.5600,21.8100
03/06/2016,22.0500,22.2200,21.5700
02/06/2016,21.9000,21.9400,21.1700
01/06/2016,21.2500,21.3700,20.6600
31/05/2016,20.9000,20.9500,20.3200
30/05/2016,20.5000,20.8600,20.3400
27/05/2016,20.5600,20.9200,20.1500
25/05/2016,20.7000,21.4900,20.6800
24/05/2016,21.4000,21.8100,21.2300
23/05/2016,21.5000,21.5500,20.9800
20/05/2016,21.5500,21.7900,20.9600
19/05/2016,21.2300,21.6700,20.9300
18/05/2016,21.5700,21.9600,21.3200
17/05/2016,21.8500,22.3900,21.5500
16/05/2016,22.2500,22.3600,21.6400
13/05/2016,22.2700,22.4000,21.7500
12/05/2016,22.2000,22.3800,21.3600
11/05/2016,21.3000,21.8100,20.8800
10/05/2016,21.2600,21.5400,20.6000
09/05/2016,20.5100,20.7200,19.8200
06/05/2016,20.5500,20.8500,20.1900
05/05/2016,20.7900,21.2500,20.7900
04/05/2016,21.2300,21.2900,20.5800
03/05/2016,21.0000,21.2900,20.7200
02/05/2016,21.0700,21.2000,20.2800
29/04/2016,20.7700,21.0000,20.5400
28/04/2016,20.7900,21.2200,20.1900
27/04/2016,20.5400,20.9200,19.8000
26/04/2016,19.7900,19.9000,18.8000
25/04/2016,19.4500,19.8500,19.2300
22/04/2016,19.6900,20.8800,19.6600
20/04/2016,20.8500,21.3300,20.6000
19/04/2016,21.3600,21.7200,20.9100
18/04/2016,21.4000,21.9000,21.1500
15/04/2016,21.7500,22.2300,21.4200
14/04/2016,21.6700,22.5400,21.5600
13/04/2016,21.7600,22.3000,21.4000
12/04/2016,20.9200,21.1200,20.1800
11/04/2016,20.4200,21.5800,20.4000
08/04/2016,21.2000,21.4800,20.6600
07/04/2016,20.3900,20.6800,19.9900
06/04/2016,19.8200,20.3800,19.7600
05/04/2016,20.4700,20.9000,20.0800
04/04/2016,20.5900,21.1500,20.3800
01/04/2016,21.2000,21.6500,20.4600
31/03/2016,20.7900,21.9600,20.7200
30/03/2016,21.8900,22.1900,21.4100
29/03/2016,21.5100,22.1900,21.4300
28/03/2016,21.8400,22.0400,21.6800
24/03/2016,21.5000,22.0100,20.8600
23/03/2016,21.7400,22.3100,21.4400
22/03/2016,22.2800,22.5400,21.5300
21/03/2016,21.8800,22.2200,21.4500
18/03/2016,21.5900,22.7800,21.5400
17/03/2016,21.9900,22.1900,21.6600
16/03/2016,20.8600,21.2000,20.2500
15/03/2016,20.6700,20.8400,19.9500
14/03/2016,20.8800,21.5000,20.5900
11/03/2016,20.7500,21.4000,20.3300
10/03/2016,21.2700,21.4900,20.6000
09/03/2016,20.9900,21.6300,20.5000
08/03/2016,20.8000,21.1800,20.5800
07/03/2016,20.7700,20.8600,19.8200
04/03/2016,20.3900,20.7500,19.6700
03/03/2016,19.4900,20.1400,19.3800
02/03/2016,19.1200,19.6100,18.4000
01/03/2016,18.5200,18.7200,18.0400
29/02/2016,18.0000,18.3400,17.4900
26/02/2016,17.3600,18.3000,17.2100
25/02/2016,17.7500,17.8300,17.2400
24/02/2016,17.4200,17.4200,16.9100
23/02/2016,17.5000,18.3200,17.2700
22/02/2016,18.0000,18.4000,17.8100
19/02/2016,17.5000,17.9400,17.0100
18/02/2016,17.4100,17.6800,16.9100
17/02/2016,17.2300,17.7400,16.7800
16/02/2016,16.7000,17.0900,16.3700
15/02/2016,16.3500,16.6000,16.1800
12/02/2016,16.2000,16.4300,15.9500
11/02/2016,16.0200,16.3600,15.8500
10/02/2016,16.2500,16.8600,16.1200
05/02/2016,16.8000,17.3500,16.7100
04/02/2016,17.8000,18.6200,17.8000
03/02/2016,18.0900,18.7400,17.1800
02/02/2016,17.5700,18.1800,17.1100
01/02/2016,18.0600,18.3500,17.3400
29/01/2016,17.7400,17.9200,17.0400
28/01/2016,16.9500,17.2400,16.5600
27/01/2016,16.9500,17.0900,16.2200
26/01/2016,16.2700,16.6900,16.2100
22/01/2016,16.7000,16.9000,16.5500
21/01/2016,16.5500,16.5500,16.0100
20/01/2016,16.4000,16.4400,15.9500
19/01/2016,16.4400,16.5400,16.2000
18/01/2016,16.0600,16.5400,16.0400
15/01/2016,16.5900,16.6400,16.0500
14/01/2016,16.7300,16.9400,16.3000
13/01/2016,16.8400,17.2800,16.6800
12/01/2016,16.7800,17.0400,16.4800
11/01/2016,16.4000,17.0600,16.3500
08/01/2016,16.8800,17.2000,16.5600
07/01/2016,16.9200,17.1500,16.6100
06/01/2016,17.2000,17.7400,17.0000
05/01/2016,17.3000,17.4900,16.3500
04/01/2016,16.1500,17.0700,16.1500
30/12/2015,17.1000,17.6100,16.8700
29/12/2015,17.3400,17.6700,17.0500
28/12/2015,16.9700,17.2800,16.9300
23/12/2015,17.0000,17.2800,17.0000
22/12/2015,16.8500,17.5000,16.8500
21/12/2015,17.3000,17.7000,17.3000
18/12/2015,17.5200,17.6400,17.0700
17/12/2015,17.8700,18.1800,17.6700
16/12/2015,17.5000,17.8500,17.1100
15/12/2015,17.5000,17.8700,17.3500
14/12/2015,17.7900,17.8900,17.5100
11/12/2015,18.0200,18.2500,17.5500
10/12/2015,17.9300,18.8200,17.8200
09/12/2015,18.4500,18.6000,17.6000
08/12/2015,17.5100,18.1200,17.2500
07/12/2015,17.9200,18.2100,17.6000
04/12/2015,17.5000,18.0000,17.1000
03/12/2015,17.9700,18.2300,17.5100
02/12/2015,16.9800,17.7400,16.9000
01/12/2015,17.5000,17.7300,17.0700
30/11/2015,17.5000,18.3400,17.5000
27/11/2015,18.2500,19.0300,18.0600
26/11/2015,18.8000,19.2400,18.7300
25/11/2015,19.0100,19.8700,18.8500
24/11/2015,19.8600,20.1100,19.4400
23/11/2015,19.8500,20.2500,19.7000
19/11/2015,19.7300,20.0300,19.5300
18/11/2015,19.5400,19.6400,19.1400
17/11/2015,19.4200,19.7800,19.0200
16/11/2015,18.9900,19.3500,18.8100
13/11/2015,19.2100,19.4000,18.9000
12/11/2015,19.2500,19.8800,19.0800
11/11/2015,19.3000,19.5900,18.4600
10/11/2015,18.5700,18.7000,17.4200
09/11/2015,18.0900,18.7600,18.0000
06/11/2015,18.6800,19.2300,18.1200
05/11/2015,19.0100,19.3500,18.8600
04/11/2015,19.1200,19.6000,18.8600
03/11/2015,18.7900,19.0700,18.2600
30/10/2015,18.5000,18.5000,17.9700
29/10/2015,18.1900,18.6800,18.1500
28/10/2015,18.6500,19.6300,18.4000
27/10/2015,19.1000,19.1000,18.6000
26/10/2015,18.7500,19.2900,18.7000
23/10/2015,19.1300,20.5600,18.9400
22/10/2015,20.3000,20.4900,19.6700
21/10/2015,19.8000,20.0800,19.4900
20/10/2015,20.0500,20.7900,19.7600
19/10/2015,20.4300,20.4300,19.7500
16/10/2015,20.0900,20.3800,19.2000
15/10/2015,19.5000,19.6500,18.9500
14/10/2015,19.0000,19.6900,18.9700
13/10/2015,19.1500,19.7700,18.8400
09/10/2015,19.5300,20.5300,19.3700
08/10/2015,19.9900,20.4300,19.7200
07/10/2015,20.0000,20.1400,19.3200
06/10/2015,19.5000,19.5800,19.0200
05/10/2015,19.1500,19.9000,19.0700
02/10/2015,19.3900,19.5500,18.4300
01/10/2015,18.5500,18.8500,17.9700
30/09/2015,18.4000,19.0600,18.2700
29/09/2015,18.3900,18.6600,18.1200
28/09/2015,18.3000,18.9400,18.0900
25/09/2015,18.7700,19.1700,18.4600
24/09/2015,18.6300,19.2500,18.3100
23/09/2015,94.7400,97.7500,94.0300
22/09/2015,96.1500,97.7900,93.9000
21/09/2015,98.1000,99.8000,96.5000
18/09/2015,96.8200,100.9000,96.8200
17/09/2015,100.5400,103.9400,99.7100
16/09/2015,101.2000,101.4600,97.6800
15/09/2015,97.5100,99.8800,95.5600
14/09/2015,98.6800,99.1500,94.7600
11/09/2015,95.0900,95.2800,93.1100
10/09/2015,94.8000,94.8000,89.8000
09/09/2015,92.3000,96.9000,91.5500
08/09/2015,92.0000,95.6000,91.8600
04/09/2015,93.1000,96.4400,93.0300
03/09/2015,96.1000,96.2000,92.6300
02/09/2015,93.5000,97.3000,93.4100
01/09/2015,95.8000,96.4600,94.9000
31/08/2015,98.5200,100.3500,96.6200
28/08/2015,101.0000,102.5000,100.0000
27/08/2015,102.5000,102.9500,100.1100
26/08/2015,99.9900,100.2700,96.7700
25/08/2015,97.0000,97.6400,95.1500
24/08/2015,95.7500,98.2400,92.3000
21/08/2015,98.5100,101.2300,98.5100
20/08/2015,102.0700,103.1000,100.4600
19/08/2015,102.3500,103.3300,101.6000
18/08/2015,104.1000,104.1000,100.0800
17/08/2015,100.6300,100.6300,98.0100
14/08/2015,98.7100,99.3600,97.6400
13/08/2015,98.0000,98.4900,97.0000
12/08/2015,97.7500,100.2800,97.0500
11/08/2015,100.0000,100.9900,98.3500
10/08/2015,100.6600,101.8900,100.3000
07/08/2015,101.2900,103.3900,100.3100
06/08/2015,103.4400,104.9800,100.5700
05/08/2015,105.1000,108.3400,105.1000
04/08/2015,105.3500,105.7200,101.7600
03/08/2015,104.1700,108.4500,103.6200
31/07/2015,108.8900,113.6300,108.0600
30/07/2015,110.5600,110.5600,107.4500
29/07/2015,107.8000,109.9800,107.4000
28/07/2015,107.8000,109.9300,105.3300
27/07/2015,105.3900,106.9900,103.5000
24/07/2015,107.0000,108.2600,105.8400
23/07/2015,108.2400,110.8900,107.0900
22/07/2015,110.9900,111.9600,110.0100
21/07/2015,111.5500,113.4400,110.9300
20/07/2015,112.4000,114.7000,111.9000
17/07/2015,113.6100,115.9000,113.6000
16/07/2015,114.6700,115.9500,113.1000
15/07/2015,114.8000,116.3300,113.8200
14/07/2015,114.0000,116.0700,114.0000
13/07/2015,115.7000,116.4900,115.0300
10/07/2015,115.6700,116.3800,111.9000
08/07/2015,112.8000,114.6400,112.1500
07/07/2015,114.4500,117.8000,114.4500
06/07/2015,116.7600,118.3200,116.5000
03/07/2015,118.0000,118.3900,117.0400
02/07/2015,117.7500,117.7800,115.0400
01/07/2015,115.6300,115.6300,113.3300
30/06/2015,113.0000,115.7900,112.8100
29/06/2015,113.8200,114.2100,111.8000
26/06/2015,114.8900,116.2100,113.6800
25/06/2015,114.1500,114.1500,110.6000
24/06/2015,111.5300,111.9900,110.3200
23/06/2015,111.0000,112.5000,110.5600
22/06/2015,111.8500,111.9000,110.5200
19/06/2015,111.0000,112.3200,110.5200
18/06/2015,112.6000,112.7200,110.6200
17/06/2015,110.6200,111.8700,109.6000
16/06/2015,110.5000,112.2700,110.2100
15/06/2015,111.9600,112.3500,109.0500
12/06/2015,110.0000,110.8000,108.9300
11/06/2015,109.8000,110.7900,108.7900
10/06/2015,109.8000,110.9400,108.6100
09/06/2015,108.5600,109.9800,108.5100
08/06/2015,109.4000,109.9900,106.8000
05/06/2015,107.1000,108.1800,106.1100
03/06/2015,107.8400,109.5000,107.4300
02/06/2015,109.6600,109.6600,104.9000
01/06/2015,105.6100,108.3000,105.2900
29/05/2015,107.0500,108.8500,105.8000
28/05/2015,107.1600,107.5600,106.0000
27/05/2015,106.9000,107.9000,106.1100
26/05/2015,107.3000,109.8400,106.6400
25/05/2015,109.5100,111.4400,108.0200
22/05/2015,109.0000,111.5000,107.1500
21/05/2015,109.6800,110.2400,108.7500
20/05/2015,110.0000,110.8100,107.5000
19/05/2015,109.9400,113.1000,109.9400
18/05/2015,113.1700,115.0000,111.6600
15/05/2015,114.3300,114.4100,110.7700
14/05/2015,111.6500,115.1000,110.5800
13/05/2015,114.2500,114.9400,113.1200
12/05/2015,113.6900,114.4500,110.9300
11/05/2015,111.8900,114.0000,110.9000
08/05/2015,114.0000,116.4900,110.2500
07/05/2015,109.7200,109.7200,104.8500
06/05/2015,104.5000,105.2600,103.0000
05/05/2015,103.3600,105.8400,103.3600
04/05/2015,105.2200,109.1900,104.1500
30/04/2015,105.0500,105.3500,102.5500
29/04/2015,95.6800,96.5900,93.8700
28/04/2015,94.8500,95.4000,94.3300
27/04/2015,94.9300,96.8100,94.0700
24/04/2015,95.1100,95.6900,94.2000
23/04/2015,94.4100,94.4100,92.0200
22/04/2015,92.2500,93.0800,91.5000
20/04/2015,92.0000,92.0000,90.2500
17/04/2015,91.2300,93.4900,90.9900
16/04/2015,93.6000,95.7400,92.8000
15/04/2015,95.0000,95.7100,93.5500
14/04/2015,93.5500,94.7300,92.9700
13/04/2015,93.4800,94.4000,92.9500
10/04/2015,93.5000,94.7200,92.9100
09/04/2015,93.7500,94.9800,93.4100
08/04/2015,93.5700,94.5800,93.3700
07/04/2015,93.5000,94.4000,93.3900
06/04/2015,93.7200,94.6900,93.2100
02/04/2015,93.0500,94.6000,92.6200
01/04/2015,92.6100,93.5400,91.4100
31/03/2015,90.7800,91.1400,88.7100
30/03/2015,89.1500,89.2300,87.4700
27/03/2015,87.3800,87.3800,85.2600
26/03/2015,86.2500,86.8300,85.0300
25/03/2015,87.2000,87.8600,86.5200
24/03/2015,85.9000,87.9400,85.6400
23/03/2015,85.8600,86.7700,85.2800
20/03/2015,86.5000,87.4000,85.4400
19/03/2015,84.7900,85.8000,84.0300
18/03/2015,85.6000,85.7900,82.8200
17/03/2015,84.2000,84.2700,81.1700
16/03/2015,82.6500,83.5500,81.1000
13/03/2015,82.4000,83.3000,81.4700
12/03/2015,83.5100,84.2400,82.6700
11/03/2015,82.2000,82.9000,80.4400
10/03/2015,80.6200,82.5600,80.5400
09/03/2015,81.8000,83.1600,81.6500
06/03/2015,82.7500,83.3700,82.3800
